  1.1  , 300 iterations, population 100, mutation rate 0.3
Initial Best,114240893.60367168, Exec Time,236.0
Best result,103805621.74213518
Improvement(%),9.134445234417454
  1.2  , 300 iterations, population 100, mutation rate 0.3
Initial Best,106590355.84959252, Exec Time,256.0
Best result,102750709.6050258
Improvement(%),3.6022454507842814
  1.3  , 300 iterations, population 100, mutation rate 0.3
Initial Best,108829206.60294321, Exec Time,255.0
Best result,101859959.00645149
Improvement(%),6.403839386533987
  1.4  , 300 iterations, population 100, mutation rate 0.3
Initial Best,107522487.11583726, Exec Time,249.0
Best result,103353638.65923603
Improvement(%),3.8771875246059038
  2.1  , 300 iterations, population 100, mutation rate 0.3
Initial Best,107657479.35727128, Exec Time,108.0
Best result,100308108.24671927
Improvement(%),6.826623802107094
  2.2  , 300 iterations, population 100, mutation rate 0.3
Initial Best,108969803.58962806, Exec Time,107.0
Best result,104876955.57883671
Improvement(%),3.75594694673829
  2.3  , 300 iterations, population 100, mutation rate 0.3
Initial Best,113605665.29270391, Exec Time,99.0
Best result,104253714.08691843
Improvement(%),8.231940882252896
  2.4  , 300 iterations, population 100, mutation rate 0.3
Initial Best,112947118.99081296, Exec Time,99.0
Best result,105534651.25147188
Improvement(%),6.562777170034771
  3.1  , 300 iterations, population 100, mutation rate 0.3
Initial Best,111591929.81096002, Exec Time,242.0
Best result,104992597.49206002
Improvement(%),5.913807862342255
  3.2  , 300 iterations, population 100, mutation rate 0.3
Initial Best,112497740.7067236, Exec Time,265.0
Best result,105447506.8976011
Improvement(%),6.267000354702354
  3.3  , 300 iterations, population 100, mutation rate 0.3
Initial Best,110036138.41187276, Exec Time,242.0
Best result,102854297.61535682
Improvement(%),6.526801921777572
  3.4  , 300 iterations, population 100, mutation rate 0.3
Initial Best,110514233.03146225, Exec Time,255.0
Best result,106528131.37534858
Improvement(%),3.6068672303764417
  4.1  , 300 iterations, population 100, mutation rate 0.3
Initial Best,112650846.27842848, Exec Time,115.0
Best result,104616687.54741369
Improvement(%),7.13191156252614
  4.2  , 300 iterations, population 100, mutation rate 0.3
Initial Best,108266415.85348628, Exec Time,118.0
Best result,103973205.86890522
Improvement(%),3.9654124972520943
  4.3  , 300 iterations, population 100, mutation rate 0.3
Initial Best,109529649.67982103, Exec Time,112.0
Best result,97783176.67944674
Improvement(%),10.72446870296014
  4.4  , 300 iterations, population 100, mutation rate 0.3
Initial Best,110096070.61490078, Exec Time,106.0
Best result,106627655.73940718
Improvement(%),3.1503530108949898
  5.1  , 300 iterations, population 100, mutation rate 0.3
Initial Best,112051286.06106395, Exec Time,112.0
Best result,104743481.23885286
Improvement(%),6.5218393104641335
  5.2  , 300 iterations, population 100, mutation rate 0.3
Initial Best,112822720.84431286, Exec Time,111.0
Best result,105591932.74465278
Improvement(%),6.408982202829557
  5.3  , 300 iterations, population 100, mutation rate 0.3
Initial Best,107588117.09874575, Exec Time,106.0
Best result,105478889.9200534
Improvement(%),1.9604648130020532
  5.4  , 300 iterations, population 100, mutation rate 0.3
Initial Best,110879091.81765933, Exec Time,106.0
Best result,103334584.96275555
Improvement(%),6.804264655513889
  6.1  , 300 iterations, population 100, mutation rate 0.3
Initial Best,110677858.61694403, Exec Time,240.0
Best result,101622053.39546928
Improvement(%),8.182129049692662
  6.2  , 300 iterations, population 100, mutation rate 0.3
Initial Best,109880502.61072022, Exec Time,248.0
Best result,109880502.61072022
Improvement(%),0.0
  6.3  , 300 iterations, population 100, mutation rate 0.3
Initial Best,108398469.33476874, Exec Time,256.0
Best result,108398469.33476874
Improvement(%),0.0
  6.4  , 300 iterations, population 100, mutation rate 0.3
Initial Best,110528304.52712856, Exec Time,253.0
Best result,110528304.52712856
Improvement(%),0.0
  1.1  , 300 iterations, population 100, mutation rate 0.5
Initial Best,111810653.82484914, Exec Time,260.0
Best result,104329843.34632309
Improvement(%),6.6906061476437735
  1.2  , 300 iterations, population 100, mutation rate 0.5
Initial Best,113961674.71911389, Exec Time,256.0
Best result,105955021.99686879
Improvement(%),7.0257415416010955
  1.3  , 300 iterations, population 100, mutation rate 0.5
Initial Best,110994770.07302067, Exec Time,259.0
Best result,102740102.53450175
Improvement(%),7.436987826623167
  1.4  , 300 iterations, population 100, mutation rate 0.5
Initial Best,114327477.84176797, Exec Time,254.0
Best result,102762607.18094012
Improvement(%),10.115565285918326
  2.1  , 300 iterations, population 100, mutation rate 0.5
Initial Best,111613982.48939405, Exec Time,114.0
Best result,106189202.94839953
Improvement(%),4.860304614173234
  2.2  , 300 iterations, population 100, mutation rate 0.5
Initial Best,108175810.35445072, Exec Time,111.0
Best result,107229165.26785842
Improvement(%),0.8750986782447093
  2.3  , 300 iterations, population 100, mutation rate 0.5
Initial Best,110371674.14426433, Exec Time,112.0
Best result,103413998.0763897
Improvement(%),6.303860226655984
  2.4  , 300 iterations, population 100, mutation rate 0.5
Initial Best,111451371.1727298, Exec Time,112.0
Best result,102845036.98038498
Improvement(%),7.722053216381288
  3.1  , 300 iterations, population 100, mutation rate 0.5
Initial Best,104270978.43125331, Exec Time,260.0
Best result,104270978.43125331
Improvement(%),0.0
  3.2  , 300 iterations, population 100, mutation rate 0.5
Initial Best,108746770.2463207, Exec Time,258.0
Best result,101913227.66954245
Improvement(%),6.283903936916648
  3.3  , 300 iterations, population 100, mutation rate 0.5
Initial Best,111017777.80231974, Exec Time,257.0
Best result,104272975.45234866
Improvement(%),6.075425471027702
  3.4  , 300 iterations, population 100, mutation rate 0.5
Initial Best,111419426.9304069, Exec Time,260.0
Best result,102485611.85593769
Improvement(%),8.01818436927459
  4.1  , 300 iterations, population 100, mutation rate 0.5
Initial Best,107716828.29071936, Exec Time,120.0
Best result,101363609.14354308
Improvement(%),5.898074839364408
  4.2  , 300 iterations, population 100, mutation rate 0.5
Initial Best,111072284.79764156, Exec Time,120.0
Best result,99500850.82201941
Improvement(%),10.417930986747693
  4.3  , 300 iterations, population 100, mutation rate 0.5
Initial Best,113731416.48762459, Exec Time,120.0
Best result,105321568.07342212
Improvement(%),7.394481378957911
  4.4  , 300 iterations, population 100, mutation rate 0.5
Initial Best,110040955.80360788, Exec Time,121.0
Best result,101277021.08759692
Improvement(%),7.9642480856419615
  5.1  , 300 iterations, population 100, mutation rate 0.5
Initial Best,110716599.2669328, Exec Time,121.0
Best result,106531070.41163321
Improvement(%),3.780398678258233
  5.2  , 300 iterations, population 100, mutation rate 0.5
Initial Best,107946626.8712902, Exec Time,117.0
Best result,103603059.25503957
Improvement(%),4.023810416447447
  5.3  , 300 iterations, population 100, mutation rate 0.5
Initial Best,111434410.54003328, Exec Time,119.0
Best result,105532850.64931168
Improvement(%),5.295994174619378
  5.4  , 300 iterations, population 100, mutation rate 0.5
Initial Best,111634559.89486621, Exec Time,121.0
Best result,105469173.1925603
Improvement(%),5.522829765363229
  6.1  , 300 iterations, population 100, mutation rate 0.5
Initial Best,107706048.17031877, Exec Time,259.0
Best result,107706048.17031877
Improvement(%),0.0
  6.2  , 300 iterations, population 100, mutation rate 0.5
Initial Best,111085714.88670978, Exec Time,257.0
Best result,111085714.88670978
Improvement(%),0.0
  6.3  , 300 iterations, population 100, mutation rate 0.5
Initial Best,114548954.77806629, Exec Time,260.0
Best result,110847847.46599603
Improvement(%),3.2310266987952905
  6.4  , 300 iterations, population 100, mutation rate 0.5
Initial Best,112475537.71857554, Exec Time,259.0
Best result,109691827.04577541
Improvement(%),2.47494764574074
  1.1  , 300 iterations, population 100, mutation rate 0.7
Initial Best,110874192.12001796, Exec Time,263.0
Best result,104681474.50267096
Improvement(%),5.585355346394382
  1.2  , 300 iterations, population 100, mutation rate 0.7
Initial Best,107623202.81939198, Exec Time,262.0
Best result,99247345.82992306
Improvement(%),7.782575476335593
  1.3  , 300 iterations, population 100, mutation rate 0.7
Initial Best,112560121.2778615, Exec Time,263.0
Best result,105578449.67633922
Improvement(%),6.202615564252636
  1.4  , 300 iterations, population 100, mutation rate 0.7
Initial Best,110485339.69839847, Exec Time,259.0
Best result,103811664.15738213
Improvement(%),6.040326761210182
  2.1  , 300 iterations, population 100, mutation rate 0.7
Initial Best,111634527.30173734, Exec Time,115.0
Best result,102671980.87860663
Improvement(%),8.028471692190543
  2.2  , 300 iterations, population 100, mutation rate 0.7
Initial Best,112495250.21169645, Exec Time,121.0
Best result,102612502.81048018
Improvement(%),8.785035263816615
  2.3  , 300 iterations, population 100, mutation rate 0.7
Initial Best,113885189.69369376, Exec Time,114.0
Best result,104257818.7212041
Improvement(%),8.453575920085383
  2.4  , 300 iterations, population 100, mutation rate 0.7
Initial Best,108686635.21540114, Exec Time,117.0
Best result,105590149.90156816
Improvement(%),2.8490028306573283
  3.1  , 300 iterations, population 100, mutation rate 0.7
Initial Best,107513171.19844003, Exec Time,264.0
Best result,102858681.62267344
Improvement(%),4.329227315949664
  3.2  , 300 iterations, population 100, mutation rate 0.7
Initial Best,113455950.00045127, Exec Time,263.0
Best result,103900512.34776938
Improvement(%),8.4221564868514
  3.3  , 300 iterations, population 100, mutation rate 0.7
Initial Best,110844879.65037666, Exec Time,269.0
Best result,102766870.86511077
Improvement(%),7.287669769451948
  3.4  , 300 iterations, population 100, mutation rate 0.7
Initial Best,110175392.75166073, Exec Time,262.0
Best result,105750787.99675754
Improvement(%),4.015964585555337
  4.1  , 300 iterations, population 100, mutation rate 0.7
Initial Best,113045658.95378108, Exec Time,127.0
Best result,100969015.13881548
Improvement(%),10.682978830618488
  4.2  , 300 iterations, population 100, mutation rate 0.7
Initial Best,111451450.25569576, Exec Time,120.0
Best result,101560909.6052581
Improvement(%),8.874304127713398
  4.3  , 300 iterations, population 100, mutation rate 0.7
Initial Best,113255271.86747979, Exec Time,117.0
Best result,97173579.53973953
Improvement(%),14.19950882865521
  4.4  , 300 iterations, population 100, mutation rate 0.7
Initial Best,111407339.44029385, Exec Time,121.0
Best result,100275416.57224351
Improvement(%),9.992091117135267
  5.1  , 300 iterations, population 100, mutation rate 0.7
Initial Best,114292574.7690782, Exec Time,127.0
Best result,102639840.2368118
Improvement(%),10.195530685882348
  5.2  , 300 iterations, population 100, mutation rate 0.7
Initial Best,110650947.3227174, Exec Time,123.0
Best result,104052249.75410943
Improvement(%),5.963525598531603
  5.3  , 300 iterations, population 100, mutation rate 0.7
Initial Best,111675968.88718364, Exec Time,124.0
Best result,103658674.77679092
Improvement(%),7.179068326232193
  5.4  , 300 iterations, population 100, mutation rate 0.7
Initial Best,111393067.6050436, Exec Time,124.0
Best result,101823886.84251589
Improvement(%),8.590463453665091
  6.1  , 300 iterations, population 100, mutation rate 0.7
Initial Best,111305296.44115746, Exec Time,250.0
Best result,109312540.07803443
Improvement(%),1.7903517863379645
  6.2  , 300 iterations, population 100, mutation rate 0.7
Initial Best,109758568.21150862, Exec Time,258.0
Best result,109758568.21150862
Improvement(%),0.0
  6.3  , 300 iterations, population 100, mutation rate 0.7
Initial Best,112649667.22674806, Exec Time,269.0
Best result,112146945.89126073
Improvement(%),0.44626970311011044
  6.4  , 300 iterations, population 100, mutation rate 0.7
Initial Best,110756635.22643784, Exec Time,270.0
Best result,110756635.22643784
Improvement(%),0.0
  1.1  , 300 iterations, population 150, mutation rate 0.1
Initial Best,110950017.4214365, Exec Time,349.0
Best result,106588274.36250958
Improvement(%),3.931268475929233
  1.2  , 300 iterations, population 150, mutation rate 0.1
Initial Best,112204822.83866248, Exec Time,360.0
Best result,106720633.27040233
Improvement(%),4.887659397801267
  1.3  , 300 iterations, population 150, mutation rate 0.1
Initial Best,108927376.53327803, Exec Time,352.0
Best result,106798019.95311859
Improvement(%),1.9548405992399056
  1.4  , 300 iterations, population 150, mutation rate 0.1
Initial Best,111831964.8971871, Exec Time,353.0
Best result,108128974.23288304
Improvement(%),3.3112095166247086
  2.1  , 300 iterations, population 150, mutation rate 0.1
Initial Best,111834041.83940254, Exec Time,145.0
Best result,104196427.60654487
Improvement(%),6.829418044127874
  2.2  , 300 iterations, population 150, mutation rate 0.1
Initial Best,110362928.72546668, Exec Time,142.0
Best result,105784230.7421675
Improvement(%),4.148764477507589
  2.3  , 300 iterations, population 150, mutation rate 0.1
Initial Best,109978412.67040494, Exec Time,142.0
Best result,104750728.80294752
Improvement(%),4.753372721539727
  2.4  , 300 iterations, population 150, mutation rate 0.1
Initial Best,111422374.2764321, Exec Time,153.0
Best result,105773825.76792921
Improvement(%),5.069492142116073
  3.1  , 300 iterations, population 150, mutation rate 0.1
Initial Best,111534039.12116885, Exec Time,376.0
Best result,103894458.7485614
Improvement(%),6.849550534351162
  3.2  , 300 iterations, population 150, mutation rate 0.1
Initial Best,113752371.87659998, Exec Time,385.0
Best result,104124682.1994866
Improvement(%),8.463726530078533
  3.3  , 300 iterations, population 150, mutation rate 0.1
Initial Best,109472807.53668247, Exec Time,374.0
Best result,105328666.65086403
Improvement(%),3.7855436240911295
  3.4  , 300 iterations, population 150, mutation rate 0.1
Initial Best,112454399.64142801, Exec Time,368.0
Best result,106059726.80364136
Improvement(%),5.686458562916784
  4.1  , 300 iterations, population 150, mutation rate 0.1
Initial Best,108450487.16255665, Exec Time,164.0
Best result,108450487.16255665
Improvement(%),0.0
  4.2  , 300 iterations, population 150, mutation rate 0.1
Initial Best,109878686.75122647, Exec Time,168.0
Best result,109823239.82010686
Improvement(%),0.05046195286729435
  4.3  , 300 iterations, population 150, mutation rate 0.1
Initial Best,111453326.7021725, Exec Time,165.0
Best result,106606366.98424675
Improvement(%),4.348869487653685
  4.4  , 300 iterations, population 150, mutation rate 0.1
Initial Best,109301420.78602976, Exec Time,163.0
Best result,103958498.88091043
Improvement(%),4.888245611718736
  5.1  , 300 iterations, population 150, mutation rate 0.1
Initial Best,112249285.50643809, Exec Time,160.0
Best result,103770784.72244391
Improvement(%),7.553278175216444
  5.2  , 300 iterations, population 150, mutation rate 0.1
Initial Best,109309411.77700406, Exec Time,158.0
Best result,106169740.0653108
Improvement(%),2.8722793953903287
  5.3  , 300 iterations, population 150, mutation rate 0.1
Initial Best,108862851.91947506, Exec Time,157.0
Best result,105020357.65306155
Improvement(%),3.529665261071582
  5.4  , 300 iterations, population 150, mutation rate 0.1
Initial Best,109403381.261705, Exec Time,158.0
Best result,105499135.59932302
Improvement(%),3.5686700149080304
  6.1  , 300 iterations, population 150, mutation rate 0.1
Initial Best,111503600.28918381, Exec Time,363.0
Best result,111503600.28918381
Improvement(%),0.0
  6.2  , 300 iterations, population 150, mutation rate 0.1
Initial Best,110016172.95138808, Exec Time,369.0
Best result,110016172.95138808
Improvement(%),0.0
  6.3  , 300 iterations, population 150, mutation rate 0.1
Initial Best,112400775.47884353, Exec Time,355.0
Best result,109926170.04795323
Improvement(%),2.2015910658517397
  6.4  , 300 iterations, population 150, mutation rate 0.1
Initial Best,109655879.19521436, Exec Time,359.0
Best result,109655879.19521436
Improvement(%),0.0
  1.1  , 300 iterations, population 150, mutation rate 0.3
Initial Best,112445677.23236498, Exec Time,364.0
Best result,104600598.41346796
Improvement(%),6.976772261938935
  1.2  , 300 iterations, population 150, mutation rate 0.3
Initial Best,111189574.76480001, Exec Time,358.0
Best result,103109332.06899725
Improvement(%),7.267086606720954
  1.3  , 300 iterations, population 150, mutation rate 0.3
Initial Best,112194042.19882712, Exec Time,369.0
Best result,106015904.31462051
Improvement(%),5.506654153041287
  1.4  , 300 iterations, population 150, mutation rate 0.3
Initial Best,110602806.2582302, Exec Time,371.0
Best result,104029238.6733014
Improvement(%),5.943400359644711
  2.1  , 300 iterations, population 150, mutation rate 0.3
Initial Best,110495037.3854955, Exec Time,165.0
Best result,102574395.0597145
Improvement(%),7.168324038071897
  2.2  , 300 iterations, population 150, mutation rate 0.3
Initial Best,106960521.55703461, Exec Time,155.0
Best result,102502665.9116769
Improvement(%),4.167757954490385
  2.3  , 300 iterations, population 150, mutation rate 0.3
Initial Best,109219203.7160018, Exec Time,161.0
Best result,103509525.55334911
Improvement(%),5.227723667990959
  2.4  , 300 iterations, population 150, mutation rate 0.3
Initial Best,112730862.80354163, Exec Time,155.0
Best result,105332040.18377517
Improvement(%),6.563262655640751
  3.1  , 300 iterations, population 150, mutation rate 0.3
Initial Best,112491143.63479225, Exec Time,384.0
Best result,101063496.13568677
Improvement(%),10.15870861461403
  3.2  , 300 iterations, population 150, mutation rate 0.3
Initial Best,109411547.74166055, Exec Time,384.0
Best result,106285033.9472205
Improvement(%),2.8575720378458422
  3.3  , 300 iterations, population 150, mutation rate 0.3
Initial Best,111118653.63103275, Exec Time,366.0
Best result,104294690.22594097
Improvement(%),6.141150186853964
  3.4  , 300 iterations, population 150, mutation rate 0.3
Initial Best,109627228.45172435, Exec Time,358.0
Best result,103158435.21035971
Improvement(%),5.900717670896198
  4.1  , 300 iterations, population 150, mutation rate 0.3
Initial Best,110640054.76690646, Exec Time,172.0
Best result,106433376.96169147
Improvement(%),3.8021291783319375
  4.2  , 300 iterations, population 150, mutation rate 0.3
Initial Best,112810196.1369087, Exec Time,171.0
Best result,105526713.001592
Improvement(%),6.456404992397424
  4.3  , 300 iterations, population 150, mutation rate 0.3
Initial Best,110822498.3994405, Exec Time,173.0
Best result,105568562.36968894
Improvement(%),4.740856870790489
  4.4  , 300 iterations, population 150, mutation rate 0.3
Initial Best,112994269.45102888, Exec Time,174.0
Best result,104213950.23605514
Improvement(%),7.7705880640071685
  5.1  , 300 iterations, population 150, mutation rate 0.3
Initial Best,111167142.75908203, Exec Time,167.0
Best result,102961912.27609092
Improvement(%),7.3809853157539855
  5.2  , 300 iterations, population 150, mutation rate 0.3
Initial Best,112446059.61335076, Exec Time,168.0
Best result,103513921.48781775
Improvement(%),7.943486998340757
  5.3  , 300 iterations, population 150, mutation rate 0.3
Initial Best,113055279.41078237, Exec Time,159.0
Best result,104048836.74611846
Improvement(%),7.966406090545599
  5.4  , 300 iterations, population 150, mutation rate 0.3
Initial Best,112333933.26894599, Exec Time,170.0
Best result,103827466.85492997
Improvement(%),7.5724815881325345
  6.1  , 300 iterations, population 150, mutation rate 0.3
Initial Best,111027024.20531842, Exec Time,373.0
Best result,111027024.20531842
Improvement(%),0.0
  6.2  , 300 iterations, population 150, mutation rate 0.3
Initial Best,113178903.24010034, Exec Time,378.0
Best result,106355681.25768034
Improvement(%),6.028704809009376
  6.3  , 300 iterations, population 150, mutation rate 0.3
Initial Best,108145744.90702687, Exec Time,381.0
Best result,108145744.90702687
Improvement(%),0.0
  6.4  , 300 iterations, population 150, mutation rate 0.3
Initial Best,103844995.44496606, Exec Time,364.0
Best result,103844995.44496606
Improvement(%),0.0
  1.1  , 300 iterations, population 150, mutation rate 0.5
Initial Best,110281866.76815887, Exec Time,376.0
Best result,104853420.37392233
Improvement(%),4.922338144355626
  1.2  , 300 iterations, population 150, mutation rate 0.5
Initial Best,112304079.39264508, Exec Time,364.0
Best result,102888401.12109505
Improvement(%),8.384092833021944
  1.3  , 300 iterations, population 150, mutation rate 0.5
Initial Best,111609895.14043924, Exec Time,365.0
Best result,103743205.6823301
Improvement(%),7.048379938185991
  1.4  , 300 iterations, population 150, mutation rate 0.5
Initial Best,110985370.10504518, Exec Time,366.0
Best result,105005084.9609708
Improvement(%),5.388354463668656
  2.1  , 300 iterations, population 150, mutation rate 0.5
Initial Best,108319270.09317428, Exec Time,166.0
Best result,104313509.67865156
Improvement(%),3.6981050657718053
  2.2  , 300 iterations, population 150, mutation rate 0.5
Initial Best,112309745.87895744, Exec Time,148.0
Best result,104935380.71255516
Improvement(%),6.566095496601025
  2.3  , 300 iterations, population 150, mutation rate 0.5
Initial Best,105983315.00803451, Exec Time,143.0
Best result,105983315.00803451
Improvement(%),0.0
  2.4  , 300 iterations, population 150, mutation rate 0.5
Initial Best,108529782.81641556, Exec Time,143.0
Best result,103965352.90504645
Improvement(%),4.205693398548593
  3.1  , 300 iterations, population 150, mutation rate 0.5
Initial Best,111052659.55330987, Exec Time,332.0
Best result,103843406.19075215
Improvement(%),6.491743098774672
  3.2  , 300 iterations, population 150, mutation rate 0.5
Initial Best,110273858.20987047, Exec Time,331.0
Best result,104610143.1470578
Improvement(%),5.136045074285538
  3.3  , 300 iterations, population 150, mutation rate 0.5
Initial Best,110306463.93787622, Exec Time,331.0
Best result,104783103.32175636
Improvement(%),5.007286444455854
  3.4  , 300 iterations, population 150, mutation rate 0.5
Initial Best,111586876.31312662, Exec Time,332.0
Best result,105038080.32467052
Improvement(%),5.86878690830933
  4.1  , 300 iterations, population 150, mutation rate 0.5
Initial Best,111711423.30310328, Exec Time,155.0
Best result,98123041.31330055
Improvement(%),12.163824959005115
  4.2  , 300 iterations, population 150, mutation rate 0.5
Initial Best,111462838.52951694, Exec Time,155.0
Best result,100180511.71763979
Improvement(%),10.122052300766974
  4.3  , 300 iterations, population 150, mutation rate 0.5
Initial Best,110166549.29321067, Exec Time,155.0
Best result,101712358.01840016
Improvement(%),7.674009333186514
  4.4  , 300 iterations, population 150, mutation rate 0.5
Initial Best,109024876.05682994, Exec Time,155.0
Best result,101865174.4907822
Improvement(%),6.567034813518798
  5.1  , 300 iterations, population 150, mutation rate 0.5
Initial Best,113510971.52014583, Exec Time,155.0
Best result,103862885.11008595
Improvement(%),8.499695034631564
  5.2  , 300 iterations, population 150, mutation rate 0.5
Initial Best,110772735.86808707, Exec Time,155.0
Best result,104346727.44877467
Improvement(%),5.801074035911481
  5.3  , 300 iterations, population 150, mutation rate 0.5
Initial Best,111607643.05468054, Exec Time,155.0
Best result,104020232.24685065
Improvement(%),6.798289615445552
  5.4  , 300 iterations, population 150, mutation rate 0.5
Initial Best,112395490.72124317, Exec Time,155.0
Best result,104462104.24690583
Improvement(%),7.0584561919955195
  6.1  , 300 iterations, population 150, mutation rate 0.5
Initial Best,106948212.05769497, Exec Time,327.0
Best result,106948212.05769497
Improvement(%),0.0
  6.2  , 300 iterations, population 150, mutation rate 0.5
Initial Best,108985575.93547244, Exec Time,327.0
Best result,108985575.93547244
Improvement(%),0.0
  6.3  , 300 iterations, population 150, mutation rate 0.5
Initial Best,113036739.75736135, Exec Time,326.0
Best result,111180522.79616894
Improvement(%),1.642135968515078
  6.4  , 300 iterations, population 150, mutation rate 0.5
Initial Best,111847971.22214416, Exec Time,327.0
Best result,111847971.22214416
Improvement(%),0.0
  1.1  , 300 iterations, population 150, mutation rate 0.7
Initial Best,111128704.64306442, Exec Time,327.0
Best result,100252034.10957167
Improvement(%),9.787453717226043
  1.2  , 300 iterations, population 150, mutation rate 0.7
Initial Best,111365469.81120634, Exec Time,327.0
Best result,104697097.08782548
Improvement(%),5.987827945848478
  1.3  , 300 iterations, population 150, mutation rate 0.7
Initial Best,108078122.3364933, Exec Time,326.0
Best result,102541258.84453595
Improvement(%),5.12301969377182
  1.4  , 300 iterations, population 150, mutation rate 0.7
Initial Best,109660280.56419675, Exec Time,327.0
Best result,102862806.43903713
Improvement(%),6.198665633707074
  2.1  , 300 iterations, population 150, mutation rate 0.7
Initial Best,109025770.77614586, Exec Time,151.0
Best result,102838470.33415115
Improvement(%),5.6750806694122025
  2.2  , 300 iterations, population 150, mutation rate 0.7
Initial Best,109707012.55639301, Exec Time,151.0
Best result,103523852.84044023
Improvement(%),5.636066074422031
  2.3  , 300 iterations, population 150, mutation rate 0.7
Initial Best,110785989.04897635, Exec Time,153.0
Best result,98646078.67862508
Improvement(%),10.957983472968273
  2.4  , 300 iterations, population 150, mutation rate 0.7
Initial Best,108212282.24923891, Exec Time,152.0
Best result,102266877.82532947
Improvement(%),5.494204816987174
  3.1  , 300 iterations, population 150, mutation rate 0.7
Initial Best,107780036.5079446, Exec Time,339.0
Best result,104533491.76415427
Improvement(%),3.0121948822600575
  3.2  , 300 iterations, population 150, mutation rate 0.7
Initial Best,109455377.89832625, Exec Time,339.0
Best result,103682284.44698663
Improvement(%),5.274380813615461
  3.3  , 300 iterations, population 150, mutation rate 0.7
Initial Best,108636944.00471893, Exec Time,338.0
Best result,101854824.84335232
Improvement(%),6.242921524994308
  3.4  , 300 iterations, population 150, mutation rate 0.7
Initial Best,111203596.21621834, Exec Time,339.0
Best result,103686864.32645117
Improvement(%),6.759432379463734
  4.1  , 300 iterations, population 150, mutation rate 0.7
Initial Best,110807433.70330296, Exec Time,161.0
Best result,96408122.16441208
Improvement(%),12.994896693886401
  4.2  , 300 iterations, population 150, mutation rate 0.7
Initial Best,112367056.51038788, Exec Time,161.0
Best result,99698233.13466923
Improvement(%),11.274499634639332
  4.3  , 300 iterations, population 150, mutation rate 0.7
Initial Best,110437128.14622867, Exec Time,161.0
Best result,99220559.33605085
Improvement(%),10.156519821238085
  4.4  , 300 iterations, population 150, mutation rate 0.7
Initial Best,105168594.4933192, Exec Time,161.0
Best result,96837332.96901283
Improvement(%),7.921815028949172
  5.1  , 300 iterations, population 150, mutation rate 0.7
Initial Best,112095723.24203669, Exec Time,162.0
Best result,103129970.92500834
Improvement(%),7.998300075792832
  5.2  , 300 iterations, population 150, mutation rate 0.7
Initial Best,110648947.94594125, Exec Time,162.0
Best result,103427495.6368884
Improvement(%),6.526453656460407
  5.3  , 300 iterations, population 150, mutation rate 0.7
Initial Best,109393274.08847907, Exec Time,162.0
Best result,103295461.1312411
Improvement(%),5.574211950458639
  5.4  , 300 iterations, population 150, mutation rate 0.7
Initial Best,109100687.20665543, Exec Time,162.0
Best result,104224064.4753881
Improvement(%),4.4698368599917
  6.1  , 300 iterations, population 150, mutation rate 0.7
Initial Best,109667539.44033735, Exec Time,349.0
Best result,109667539.44033735
Improvement(%),0.0
  6.2  , 300 iterations, population 150, mutation rate 0.7
Initial Best,109027824.91515547, Exec Time,373.0
Best result,109027824.91515547
Improvement(%),0.0
  6.3  , 300 iterations, population 150, mutation rate 0.7
Initial Best,112582549.84965596, Exec Time,366.0
Best result,110458948.42875345
Improvement(%),1.886261613134884
  6.4  , 300 iterations, population 150, mutation rate 0.7
Initial Best,110519576.3274651, Exec Time,352.0
Best result,105922316.1564194
Improvement(%),4.159679510012061
  1.1  , 300 iterations, population 50, mutation rate 0.3
Initial Best,111160401.16560538, Exec Time,208.0
Best result,102408169.4922537
Improvement(%),7.873515731841152
  1.2  , 300 iterations, population 50, mutation rate 0.3
Initial Best,112792840.57376426, Exec Time,207.0
Best result,104920493.06273706
Improvement(%),6.979474469284994
  1.3  , 300 iterations, population 50, mutation rate 0.3
Initial Best,108869749.21949305, Exec Time,206.0
Best result,104107060.00517777
Improvement(%),4.374667204122231
  1.4  , 300 iterations, population 50, mutation rate 0.3
Initial Best,111832367.92143048, Exec Time,207.0
Best result,104042829.83019681
Improvement(%),6.965369897833449
  2.1  , 300 iterations, population 50, mutation rate 0.3
Initial Best,108844161.74027464, Exec Time,89.0
Best result,103763409.72714925
Improvement(%),4.667914136955868
  2.2  , 300 iterations, population 50, mutation rate 0.3
Initial Best,107028301.28019363, Exec Time,89.0
Best result,106246101.64872865
Improvement(%),0.7308343887634186
  2.3  , 300 iterations, population 50, mutation rate 0.3
Initial Best,111020131.02731653, Exec Time,89.0
Best result,104589663.67769767
Improvement(%),5.792163358226117
  2.4  , 300 iterations, population 50, mutation rate 0.3
Initial Best,109918852.80863637, Exec Time,89.0
Best result,104276230.09891471
Improvement(%),5.133443959377196
  3.1  , 300 iterations, population 50, mutation rate 0.3
Initial Best,111573910.02945119, Exec Time,211.0
Best result,102445810.01518896
Improvement(%),8.181213701171504
  3.2  , 300 iterations, population 50, mutation rate 0.3
Initial Best,107248201.5638922, Exec Time,211.0
Best result,103462227.82029466
Improvement(%),3.5301046436122063
  3.3  , 300 iterations, population 50, mutation rate 0.3
Initial Best,112992707.97528401, Exec Time,224.0
Best result,103241078.46977966
Improvement(%),8.63031754902044
  3.4  , 300 iterations, population 50, mutation rate 0.3
Initial Best,108781977.28297582, Exec Time,211.0
Best result,104772579.99659498
Improvement(%),3.685718339124459
  4.1  , 300 iterations, population 50, mutation rate 0.3
Initial Best,111555040.37305656, Exec Time,96.0
Best result,104520991.72965422
Improvement(%),6.305451210343736
  4.2  , 300 iterations, population 50, mutation rate 0.3
Initial Best,110778227.37443393, Exec Time,96.0
Best result,103971612.98575553
Improvement(%),6.144361170965327
  4.3  , 300 iterations, population 50, mutation rate 0.3
Initial Best,110544182.81573598, Exec Time,96.0
Best result,103564339.64583261
Improvement(%),6.314075505481764
  4.4  , 300 iterations, population 50, mutation rate 0.3
Initial Best,110189488.2330421, Exec Time,96.0
Best result,108077537.43046905
Improvement(%),1.9166536086513488
  5.1  , 300 iterations, population 50, mutation rate 0.3
Initial Best,111822202.1708028, Exec Time,94.0
Best result,103370575.40982322
Improvement(%),7.558093649479504
  5.2  , 300 iterations, population 50, mutation rate 0.3
Initial Best,105972321.31822659, Exec Time,94.0
Best result,102097372.66887216
Improvement(%),3.6565667347403483
  5.3  , 300 iterations, population 50, mutation rate 0.3
Initial Best,110239904.09129693, Exec Time,94.0
Best result,106115053.4419534
Improvement(%),3.7417037717371926
  5.4  , 300 iterations, population 50, mutation rate 0.3
Initial Best,114569370.40688209, Exec Time,94.0
Best result,105190967.2581921
Improvement(%),8.185785708155233
  6.1  , 300 iterations, population 50, mutation rate 0.3
Initial Best,108806021.27855957, Exec Time,208.0
Best result,108806021.27855957
Improvement(%),0.0
  6.2  , 300 iterations, population 50, mutation rate 0.3
Initial Best,110569034.22128408, Exec Time,209.0
Best result,110569034.22128408
Improvement(%),0.0
  6.3  , 300 iterations, population 50, mutation rate 0.3
Initial Best,112749698.76720269, Exec Time,210.0
Best result,110244533.51228462
Improvement(%),2.2218819937519747
