  1.1  , 300 iterations, population 50, mutation rate 0.1
Initial Best,119826732.05381353, Exec Time,126.0
Best result,110280207.53714395
Improvement(%),7.9669405591252325
  2.1  , 300 iterations, population 50, mutation rate 0.1
Initial Best,115806220.96181932, Exec Time,49.0
Best result,108313348.3352779
Improvement(%),6.470181449934179
  3.1  , 300 iterations, population 50, mutation rate 0.1
Initial Best,115844179.72489052, Exec Time,128.0
Best result,107542771.08638744
Improvement(%),7.166012706220938
  4.1  , 300 iterations, population 50, mutation rate 0.1
Initial Best,112626762.2203795, Exec Time,51.0
Best result,112626762.2203795
Improvement(%),0.0
  5.1  , 300 iterations, population 50, mutation rate 0.1
Initial Best,118725706.41702119, Exec Time,50.0
Best result,108787980.6073172
Improvement(%),8.370323588387816
  6.1  , 300 iterations, population 50, mutation rate 0.1
Initial Best,115638252.49122237, Exec Time,127.0
Best result,115638252.49122237
Improvement(%),0.0
