  1.1  , 300 iterations, population 50, mutation rate 0.1
Initial Best,112054449.80131844, Exec Time,101.0
Best result,108319321.79465766
Improvement(%),3.333315199247738
  2.1  , 300 iterations, population 50, mutation rate 0.1
Initial Best,108961906.8349717, Exec Time,42.0
Best result,108961906.8349717
Improvement(%),0.0
  3.1  , 300 iterations, population 50, mutation rate 0.1
Initial Best,113512487.47905701, Exec Time,103.0
Best result,107791320.3601136
Improvement(%),5.040121352286426
  4.1  , 300 iterations, population 50, mutation rate 0.1
Initial Best,110661379.66937844, Exec Time,45.0
Best result,110661379.66937844
Improvement(%),0.0
  5.1  , 300 iterations, population 50, mutation rate 0.1
Initial Best,114459804.32516298, Exec Time,44.0
Best result,107897856.47705181
Improvement(%),5.7329714014447095
  6.1  , 300 iterations, population 50, mutation rate 0.1
Initial Best,113502386.83787054, Exec Time,102.0
Best result,109413832.01410256
Improvement(%),3.602175194437243
