  1.1  , 300 iterations, population 100, mutation rate 0.3
Initial Best,113710154.55543892
Best result,103770081.12378213
Improvement(%),8.741588181388453
  1.2  , 300 iterations, population 100, mutation rate 0.3
Initial Best,111524533.96935157
Best result,107382313.00437991
Improvement(%),3.7141791295088473
  1.3  , 300 iterations, population 100, mutation rate 0.3
Initial Best,114200935.51526415
Best result,105223418.95913489
Improvement(%),7.861158505947022
  1.4  , 300 iterations, population 100, mutation rate 0.3
Initial Best,116232023.90692903
Best result,108290055.65152706
Improvement(%),6.8328572354219475
  2.1  , 300 iterations, population 100, mutation rate 0.3
Initial Best,112560922.61791077
Best result,107994984.96581545
Improvement(%),4.056414558358268
  2.2  , 300 iterations, population 100, mutation rate 0.3
Initial Best,115674702.73009978
Best result,108768063.89757341
Improvement(%),5.9707426684652205
  2.3  , 300 iterations, population 100, mutation rate 0.3
Initial Best,114156716.61421025
Best result,110070310.9267867
Improvement(%),3.579645428339926
  2.4  , 300 iterations, population 100, mutation rate 0.3
Initial Best,115243632.26893951
Best result,106747730.85804366
Improvement(%),7.372122210682587
  3.1  , 300 iterations, population 100, mutation rate 0.3
Initial Best,112462539.80056265
Best result,108271623.19611213
Improvement(%),3.7265000522685656
  3.2  , 300 iterations, population 100, mutation rate 0.3
Initial Best,113040611.95378096
Best result,108886050.62284514
Improvement(%),3.675282059366859
  3.3  , 300 iterations, population 100, mutation rate 0.3
Initial Best,116647300.89849871
Best result,108632144.98389773
Improvement(%),6.871274219688474
  3.4  , 300 iterations, population 100, mutation rate 0.3
Initial Best,119118473.83172081
Best result,107728367.92277265
Improvement(%),9.561997851852116
  4.1  , 300 iterations, population 100, mutation rate 0.3
Initial Best,113106628.20325018
Best result,101302419.64381315
Improvement(%),10.436354391384674
  4.2  , 300 iterations, population 100, mutation rate 0.3
Initial Best,114555460.26821558
Best result,108885903.69310327
Improvement(%),4.949180564451349
  4.3  , 300 iterations, population 100, mutation rate 0.3
Initial Best,112882859.11736152
Best result,112607614.8701604
Improvement(%),0.24383174678004058
  4.4  , 300 iterations, population 100, mutation rate 0.3
Initial Best,116738599.23598197
Best result,106537392.7050672
Improvement(%),8.738503457878123
  5.1  , 300 iterations, population 100, mutation rate 0.3
Initial Best,114773209.75739072
Best result,109924538.6084834
Improvement(%),4.224567004056531
  5.2  , 300 iterations, population 100, mutation rate 0.3
Initial Best,112667661.99053895
Best result,109437685.18156402
Improvement(%),2.866817995429929
  5.3  , 300 iterations, population 100, mutation rate 0.3
Initial Best,111889137.89813003
Best result,110762655.30113858
Improvement(%),1.0067845888821314
  5.4  , 300 iterations, population 100, mutation rate 0.3
Initial Best,114528752.34940423
Best result,106210333.89054953
Improvement(%),7.263170416348272
  6.1  , 300 iterations, population 100, mutation rate 0.3
Initial Best,116238432.25615728
Best result,114506150.66889043
Improvement(%),1.490282993020225
  6.2  , 300 iterations, population 100, mutation rate 0.3
Initial Best,116259952.78650609
Best result,110268114.1029681
Improvement(%),5.153828588371354
  6.3  , 300 iterations, population 100, mutation rate 0.3
Initial Best,115732578.52222525
Best result,115110636.7689822
Improvement(%),0.5373955727804047
  6.4  , 300 iterations, population 100, mutation rate 0.3
Initial Best,113161512.05216645
Best result,113161512.05216645
Improvement(%),0.0
  1.1  , 300 iterations, population 100, mutation rate 0.5
Initial Best,112882495.24446182
Best result,109111758.047967
Improvement(%),3.3404091469884616
  1.2  , 300 iterations, population 100, mutation rate 0.5
Initial Best,113966469.24061692
Best result,109587671.30873038
Improvement(%),3.8421809160741844
  1.3  , 300 iterations, population 100, mutation rate 0.5
Initial Best,113451207.28852662
Best result,108544010.1237275
Improvement(%),4.325381176702023
  1.4  , 300 iterations, population 100, mutation rate 0.5
Initial Best,114789389.11753058
Best result,108996593.6487914
Improvement(%),5.046455524567739
  2.1  , 300 iterations, population 100, mutation rate 0.5
Initial Best,117911899.23097908
Best result,106524519.86327241
Improvement(%),9.657531972578774
  2.2  , 300 iterations, population 100, mutation rate 0.5
Initial Best,115809406.01614979
Best result,108829488.24193382
Improvement(%),6.027073287330915
  2.3  , 300 iterations, population 100, mutation rate 0.5
Initial Best,116144488.00796531
Best result,106705955.9061935
Improvement(%),8.126543294180703
  2.4  , 300 iterations, population 100, mutation rate 0.5
Initial Best,114787632.85261917
Best result,109168019.11159268
Improvement(%),4.895661319405164
  3.1  , 300 iterations, population 100, mutation rate 0.5
Initial Best,114258746.95401432
Best result,108577808.44417034
Improvement(%),4.971994408559706
  3.2  , 300 iterations, population 100, mutation rate 0.5
Initial Best,117369458.03966528
Best result,108226677.43701153
Improvement(%),7.789744244677293
  3.3  , 300 iterations, population 100, mutation rate 0.5
Initial Best,113569258.3234841
Best result,107914722.41014653
Improvement(%),4.978931796165742
  3.4  , 300 iterations, population 100, mutation rate 0.5
Initial Best,117403852.42998075
Best result,105469277.86638372
Improvement(%),10.165402852274184
  4.1  , 300 iterations, population 100, mutation rate 0.5
Initial Best,115135757.86927117
Best result,109506015.64746144
Improvement(%),4.889655764633885
  4.2  , 300 iterations, population 100, mutation rate 0.5
Initial Best,117148039.82164803
Best result,111680936.09566513
Improvement(%),4.666833294271329
  4.3  , 300 iterations, population 100, mutation rate 0.5
Initial Best,115744508.44519533
Best result,105033378.88079369
Improvement(%),9.254114694757487
  4.4  , 300 iterations, population 100, mutation rate 0.5
Initial Best,111209983.45015596
Best result,106742291.91347164
Improvement(%),4.017347542081713
  5.1  , 300 iterations, population 100, mutation rate 0.5
Initial Best,112787563.76694691
Best result,105081410.55631141
Improvement(%),6.83244938826654
  5.2  , 300 iterations, population 100, mutation rate 0.5
Initial Best,116219384.24367462
Best result,109828224.30829881
Improvement(%),5.499220269465209
  5.3  , 300 iterations, population 100, mutation rate 0.5
Initial Best,114864647.11493963
Best result,109523703.69927944
Improvement(%),4.649771317641152
  5.4  , 300 iterations, population 100, mutation rate 0.5
Initial Best,114149158.49809279
Best result,108928353.49659503
Improvement(%),4.5736692851616505
  6.1  , 300 iterations, population 100, mutation rate 0.5
Initial Best,115362401.19284037
Best result,114565891.10222001
Improvement(%),0.690441671102965
  6.2  , 300 iterations, population 100, mutation rate 0.5
Initial Best,113795506.95915937
Best result,113795506.95915937
Improvement(%),0.0
  6.3  , 300 iterations, population 100, mutation rate 0.5
Initial Best,114213408.97309874
Best result,113232722.08986475
Improvement(%),0.8586442625707638
  6.4  , 300 iterations, population 100, mutation rate 0.5
Initial Best,114979336.79185402
Best result,114054343.24444596
Improvement(%),0.804486765376431
  1.1  , 300 iterations, population 100, mutation rate 0.7
Initial Best,114962078.32926038
Best result,108462215.29735196
Improvement(%),5.653919210900404
  1.2  , 300 iterations, population 100, mutation rate 0.7
Initial Best,115443206.21429281
Best result,108591329.06207004
Improvement(%),5.935279672936223
  1.3  , 300 iterations, population 100, mutation rate 0.7
Initial Best,115974972.44073582
Best result,106585364.93623391
Improvement(%),8.096236029976275
  1.4  , 300 iterations, population 100, mutation rate 0.7
Initial Best,115410753.79683883
Best result,105050242.73295775
Improvement(%),8.977075985587112
  2.1  , 300 iterations, population 100, mutation rate 0.7
Initial Best,117266612.52571578
Best result,109726761.39835101
Improvement(%),6.429665669511286
  2.2  , 300 iterations, population 100, mutation rate 0.7
Initial Best,115508393.76014167
Best result,109262988.59665017
Improvement(%),5.40688426198737
  2.3  , 300 iterations, population 100, mutation rate 0.7
Initial Best,116095424.91974872
Best result,109772667.25318658
Improvement(%),5.446172983072127
  2.4  , 300 iterations, population 100, mutation rate 0.7
Initial Best,111214970.4507093
Best result,108680060.17844097
Improvement(%),2.279288716254079
  3.1  , 300 iterations, population 100, mutation rate 0.7
Initial Best,115982494.68962991
Best result,107778419.4709178
Improvement(%),7.073546090439145
  3.2  , 300 iterations, population 100, mutation rate 0.7
Initial Best,109479799.66190097
Best result,106883531.78244199
Improvement(%),2.3714583763186052
  3.3  , 300 iterations, population 100, mutation rate 0.7
Initial Best,114991476.6802219
Best result,108091860.34111975
Improvement(%),6.000111085006057
  3.4  , 300 iterations, population 100, mutation rate 0.7
Initial Best,112893296.83380558
Best result,106691221.14538035
Improvement(%),5.493750171505341
  4.1  , 300 iterations, population 100, mutation rate 0.7
Initial Best,110894967.42257644
Best result,105072692.84479398
Improvement(%),5.250260415872709
  4.2  , 300 iterations, population 100, mutation rate 0.7
Initial Best,113071598.80582644
Best result,104416753.52238752
Improvement(%),7.65430521443458
  4.3  , 300 iterations, population 100, mutation rate 0.7
Initial Best,116183451.94629079
Best result,108716314.20674092
Improvement(%),6.427023482657219
  4.4  , 300 iterations, population 100, mutation rate 0.7
Initial Best,108980740.10837021
Best result,106204145.04355907
Improvement(%),2.5477851059279835
  5.1  , 300 iterations, population 100, mutation rate 0.7
Initial Best,108699498.05105714
Best result,106685246.63768439
Improvement(%),1.8530457357095087
  5.2  , 300 iterations, population 100, mutation rate 0.7
Initial Best,116560483.60170946
Best result,109719046.65433598
Improvement(%),5.869430819068037
  5.3  , 300 iterations, population 100, mutation rate 0.7
Initial Best,116227181.19331011
Best result,105891619.54438455
Improvement(%),8.892551245594916
  5.4  , 300 iterations, population 100, mutation rate 0.7
Initial Best,114492409.04205382
Best result,108181985.24540961
Improvement(%),5.5116525623339365
  6.1  , 300 iterations, population 100, mutation rate 0.7
Initial Best,113173294.88133417
Best result,113173294.88133417
Improvement(%),0.0
  6.2  , 300 iterations, population 100, mutation rate 0.7
Initial Best,113988935.2191474
Best result,113988935.2191474
Improvement(%),0.0
  6.3  , 300 iterations, population 100, mutation rate 0.7
Initial Best,111984828.00167255
Best result,111984828.00167255
Improvement(%),0.0
  6.4  , 300 iterations, population 100, mutation rate 0.7
Initial Best,116233266.5978325
Best result,113166086.9125315
Improvement(%),2.638813977338741
  1.1  , 300 iterations, population 150, mutation rate 0.1
Initial Best,114555192.65939364
Best result,110562211.36302184
Improvement(%),3.485639719749862
  1.2  , 300 iterations, population 150, mutation rate 0.1
Initial Best,113748758.65233307
Best result,111530972.81364265
Improvement(%),1.9497231134354243
  1.3  , 300 iterations, population 150, mutation rate 0.1
Initial Best,114148251.90047541
Best result,110547517.855613
Improvement(%),3.154436432370299
  1.4  , 300 iterations, population 150, mutation rate 0.1
Initial Best,114731165.64078803
Best result,110750829.08966438
Improvement(%),3.4692723018135196
  2.1  , 300 iterations, population 150, mutation rate 0.1
Initial Best,113780461.26052468
Best result,110825131.29094583
Improvement(%),2.5973967207005675
  2.2  , 300 iterations, population 150, mutation rate 0.1
Initial Best,113255621.9304007
Best result,108301799.92594314
Improvement(%),4.374018631500562
  2.3  , 300 iterations, population 150, mutation rate 0.1
Initial Best,115495678.52340338
Best result,109743578.21663973
Improvement(%),4.980359767831553
  2.4  , 300 iterations, population 150, mutation rate 0.1
Initial Best,111508893.6516803
Best result,111508893.6516803
Improvement(%),0.0
  3.1  , 300 iterations, population 150, mutation rate 0.1
Initial Best,113798479.59137075
Best result,108939574.41449961
Improvement(%),4.269745249952868
  3.2  , 300 iterations, population 150, mutation rate 0.1
Initial Best,112165212.17804752
Best result,109077880.46728325
Improvement(%),2.7524859542578506
  3.3  , 300 iterations, population 150, mutation rate 0.1
Initial Best,113109802.84687427
Best result,108688243.38041928
Improvement(%),3.9090859988862325
  3.4  , 300 iterations, population 150, mutation rate 0.1
Initial Best,114138617.34302235
Best result,109881446.60986939
Improvement(%),3.7298250427888244
  4.1  , 300 iterations, population 150, mutation rate 0.1
Initial Best,116534943.23181848
Best result,111351888.51494622
Improvement(%),4.447639972297243
  4.2  , 300 iterations, population 150, mutation rate 0.1
Initial Best,110157683.73456708
Best result,110157683.73456708
Improvement(%),0.0
  4.3  , 300 iterations, population 150, mutation rate 0.1
Initial Best,115980569.46332625
Best result,108382338.29458502
Improvement(%),6.551296655897032
  4.4  , 300 iterations, population 150, mutation rate 0.1
Initial Best,114756121.20851865
Best result,110735705.79544953
Improvement(%),3.5034431024065347
  5.1  , 300 iterations, population 150, mutation rate 0.1
Initial Best,112986149.72655687
Best result,110013724.13844968
Improvement(%),2.630787574672552
  5.2  , 300 iterations, population 150, mutation rate 0.1
Initial Best,116379866.63061549
Best result,110450990.69563074
Improvement(%),5.094417193141088
  5.3  , 300 iterations, population 150, mutation rate 0.1
Initial Best,115108311.9967966
Best result,109441835.34751984
Improvement(%),4.922734554073249
  5.4  , 300 iterations, population 150, mutation rate 0.1
Initial Best,113998126.70123817
Best result,108174836.10037462
Improvement(%),5.108233590649255
  6.1  , 300 iterations, population 150, mutation rate 0.1
Initial Best,110474092.9991189
Best result,110474092.9991189
Improvement(%),0.0
  6.2  , 300 iterations, population 150, mutation rate 0.1
Initial Best,114680868.76765358
Best result,112567243.63798739
Improvement(%),1.8430494574892466
  6.3  , 300 iterations, population 150, mutation rate 0.1
Initial Best,114543361.04791975
Best result,111778064.32326733
Improvement(%),2.4141920573603124
  6.4  , 300 iterations, population 150, mutation rate 0.1
Initial Best,114066341.07156748
Best result,114066341.07156748
Improvement(%),0.0
  1.1  , 300 iterations, population 150, mutation rate 0.3
Initial Best,115679695.69757715
Best result,108316920.29524696
Improvement(%),6.364794926137067
  1.2  , 300 iterations, population 150, mutation rate 0.3
Initial Best,114993486.14401181
Best result,107646151.44572064
Improvement(%),6.389348601093587
  1.3  , 300 iterations, population 150, mutation rate 0.3
Initial Best,116775930.76334766
Best result,107875498.30082832
Improvement(%),7.621803914846553
  1.4  , 300 iterations, population 150, mutation rate 0.3
Initial Best,115052905.8069896
Best result,108744783.13457464
Improvement(%),5.482801697331605
  2.1  , 300 iterations, population 150, mutation rate 0.3
Initial Best,113920078.25941896
Best result,109356109.46366455
Improvement(%),4.006290081157899
  2.2  , 300 iterations, population 150, mutation rate 0.3
Initial Best,109714525.75018935
Best result,109714525.75018935
Improvement(%),0.0
  2.3  , 300 iterations, population 150, mutation rate 0.3
Initial Best,116568219.89928403
Best result,106649401.21837133
Improvement(%),8.509024749183482
  2.4  , 300 iterations, population 150, mutation rate 0.3
Initial Best,113626083.36312535
Best result,109389661.35978073
Improvement(%),3.7283886568596234
  3.1  , 300 iterations, population 150, mutation rate 0.3
Initial Best,115153431.5061561
Best result,108337547.07624362
Improvement(%),5.9189590277629724
  3.2  , 300 iterations, population 150, mutation rate 0.3
Initial Best,115535578.91107804
Best result,109105097.7347874
Improvement(%),5.565801666376599
  3.3  , 300 iterations, population 150, mutation rate 0.3
Initial Best,112906021.4961941
Best result,108884847.53484717
Improvement(%),3.561523033102776
  3.4  , 300 iterations, population 150, mutation rate 0.3
Initial Best,113128325.89586061
Best result,108330035.01499999
Improvement(%),4.241458399444234
  4.1  , 300 iterations, population 150, mutation rate 0.3
Initial Best,113469277.57358025
Best result,108074938.8065015
Improvement(%),4.754008205948739
  4.2  , 300 iterations, population 150, mutation rate 0.3
Initial Best,113012395.93800616
Best result,110192573.78748973
Improvement(%),2.495144118582594
  4.3  , 300 iterations, population 150, mutation rate 0.3
Initial Best,111781443.94180727
Best result,108424863.72053054
Improvement(%),3.0028062824310493
  4.4  , 300 iterations, population 150, mutation rate 0.3
Initial Best,116134852.25930487
Best result,108590745.43496996
Improvement(%),6.495988652476596
  5.1  , 300 iterations, population 150, mutation rate 0.3
Initial Best,112321810.4917294
Best result,109372586.72061536
Improvement(%),2.625691090806622
  5.2  , 300 iterations, population 150, mutation rate 0.3
Initial Best,114778845.31341486
Best result,109499806.72275564
Improvement(%),4.59931320640514
  5.3  , 300 iterations, population 150, mutation rate 0.3
Initial Best,113114357.36866884
Best result,107679400.73101722
Improvement(%),4.804833589725218
  5.4  , 300 iterations, population 150, mutation rate 0.3
Initial Best,114410559.64354502
Best result,109689957.71893933
Improvement(%),4.126019433270044
  6.1  , 300 iterations, population 150, mutation rate 0.3
Initial Best,115908831.53377496
Best result,114057610.13211429
Improvement(%),1.597135763655105
  6.2  , 300 iterations, population 150, mutation rate 0.3
Initial Best,116147084.7187454
Best result,115588341.72941305
Improvement(%),0.48106501397376056
  6.3  , 300 iterations, population 150, mutation rate 0.3
Initial Best,116537286.08618006
Best result,116537286.08618006
Improvement(%),0.0
  6.4  , 300 iterations, population 150, mutation rate 0.3
Initial Best,113219028.11948073
Best result,112343175.98164897
Improvement(%),0.7735909346505522
  1.1  , 300 iterations, population 150, mutation rate 0.5
Initial Best,110598864.6332834
Best result,106607156.26723304
Improvement(%),3.6091766215555756
  1.2  , 300 iterations, population 150, mutation rate 0.5
Initial Best,116920926.65151131
Best result,108248540.0223351
Improvement(%),7.417309182833195
  1.3  , 300 iterations, population 150, mutation rate 0.5
Initial Best,114492909.96931753
Best result,108062923.70737207
Improvement(%),5.6160562812741865
  1.4  , 300 iterations, population 150, mutation rate 0.5
Initial Best,115236741.26516645
Best result,105639198.78649454
Improvement(%),8.32854380755822
  2.1  , 300 iterations, population 150, mutation rate 0.5
Initial Best,114992965.4357934
Best result,108325436.51956114
Improvement(%),5.7982059084780175
  2.2  , 300 iterations, population 150, mutation rate 0.5
Initial Best,113522491.88939834
Best result,107654246.97148925
Improvement(%),5.169235470646949
  2.3  , 300 iterations, population 150, mutation rate 0.5
Initial Best,111342386.13959303
Best result,106247565.48147993
Improvement(%),4.575814148374357
  2.4  , 300 iterations, population 150, mutation rate 0.5
Initial Best,115790456.9070558
Best result,105972551.49912545
Improvement(%),8.479028125617562
  3.1  , 300 iterations, population 150, mutation rate 0.5
Initial Best,113440456.95326304
Best result,104925988.80650322
Improvement(%),7.505671587930703
  3.2  , 300 iterations, population 150, mutation rate 0.5
Initial Best,114993962.92507379
Best result,107823978.78693172
Improvement(%),6.235096135276063
  3.3  , 300 iterations, population 150, mutation rate 0.5
Initial Best,114276552.02963786
Best result,107653902.71553746
Improvement(%),5.7952827561535125
  3.4  , 300 iterations, population 150, mutation rate 0.5
Initial Best,113768911.64890312
Best result,108602489.56189813
Improvement(%),4.541154531695655
  4.1  , 300 iterations, population 150, mutation rate 0.5
Initial Best,116551639.96808517
Best result,109796499.3531361
Improvement(%),5.795834890696342
  4.2  , 300 iterations, population 150, mutation rate 0.5
Initial Best,113750216.42070708
Best result,105664038.22978452
Improvement(%),7.10871455489429
  4.3  , 300 iterations, population 150, mutation rate 0.5
Initial Best,109992512.09548807
Best result,109476574.42865747
Improvement(%),0.4690661727797407
  4.4  , 300 iterations, population 150, mutation rate 0.5
Initial Best,112597823.75030898
Best result,107458246.47986622
Improvement(%),4.564544055345164
  5.1  , 300 iterations, population 150, mutation rate 0.5
Initial Best,116023616.93907692
Best result,107053098.80542314
Improvement(%),7.731631171577873
  5.2  , 300 iterations, population 150, mutation rate 0.5
Initial Best,115266005.27896664
Best result,105948886.13989839
Improvement(%),8.083145691150627
  5.3  , 300 iterations, population 150, mutation rate 0.5
Initial Best,113499227.13390778
Best result,106262050.33314645
Improvement(%),6.376410644825641
  5.4  , 300 iterations, population 150, mutation rate 0.5
Initial Best,115403922.89403778
Best result,105956801.47523892
Improvement(%),8.186135429272257
  6.1  , 300 iterations, population 150, mutation rate 0.5
Initial Best,115350198.9172318
Best result,114480482.15431592
Improvement(%),0.7539794218646599
  6.2  , 300 iterations, population 150, mutation rate 0.5
Initial Best,113789348.97152983
Best result,113789348.97152983
Improvement(%),0.0
  6.3  , 300 iterations, population 150, mutation rate 0.5
Initial Best,114753718.7222478
Best result,114435438.69436376
Improvement(%),0.27735922759453896
  6.4  , 300 iterations, population 150, mutation rate 0.5
Initial Best,116214279.16247231
Best result,114250184.18169115
Improvement(%),1.6900633854427372
  1.1  , 300 iterations, population 150, mutation rate 0.7
Initial Best,111457175.23766533
Best result,106634386.99709164
Improvement(%),4.327032539887929
  1.2  , 300 iterations, population 150, mutation rate 0.7
Initial Best,114393202.12160625
Best result,107807548.4234578
Improvement(%),5.7570323900431895
  1.3  , 300 iterations, population 150, mutation rate 0.7
Initial Best,116753233.06347948
Best result,107066504.66844602
Improvement(%),8.296753880697015
  1.4  , 300 iterations, population 150, mutation rate 0.7
Initial Best,116662101.15524557
Best result,104976757.97563116
Improvement(%),10.016400411016422
  2.1  , 300 iterations, population 150, mutation rate 0.7
Initial Best,114441796.31978962
Best result,110016532.45825277
Improvement(%),3.8668248872738253
  2.2  , 300 iterations, population 150, mutation rate 0.7
Initial Best,114876678.54218486
Best result,105873615.93516716
Improvement(%),7.837154347835365
  2.3  , 300 iterations, population 150, mutation rate 0.7
Initial Best,112605680.63740167
Best result,107236113.81161933
Improvement(%),4.768468868877701
  2.4  , 300 iterations, population 150, mutation rate 0.7
Initial Best,111938646.41324583
Best result,107414583.88781957
Improvement(%),4.041555504186369
  3.1  , 300 iterations, population 150, mutation rate 0.7
Initial Best,114672529.45051195
Best result,106693954.1272085
Improvement(%),6.957704135014025
  3.2  , 300 iterations, population 150, mutation rate 0.7
Initial Best,112677957.45134279
Best result,104235900.5117643
Improvement(%),7.492199122640277
  3.3  , 300 iterations, population 150, mutation rate 0.7
Initial Best,110717253.4807603
Best result,108037600.41444731
Improvement(%),2.4202669250449302
  3.4  , 300 iterations, population 150, mutation rate 0.7
Initial Best,113956256.42051187
Best result,107138724.04785095
Improvement(%),5.982587167047178
  4.1  , 300 iterations, population 150, mutation rate 0.7
Initial Best,114929159.06960787
Best result,101408981.55837512
Improvement(%),11.763922768323862
  4.2  , 300 iterations, population 150, mutation rate 0.7
Initial Best,112122534.15499912
Best result,99761393.34369533
Improvement(%),11.024671271000395
  4.3  , 300 iterations, population 150, mutation rate 0.7
Initial Best,113681151.21742418
Best result,104587177.33459271
Improvement(%),7.999544150849182
  4.4  , 300 iterations, population 150, mutation rate 0.7
Initial Best,112600505.6243691
Best result,101870550.28220086
Improvement(%),9.529224831336863
  5.1  , 300 iterations, population 150, mutation rate 0.7
Initial Best,113312846.01847902
Best result,107609167.74081942
Improvement(%),5.033567223904553
  5.2  , 300 iterations, population 150, mutation rate 0.7
Initial Best,117265243.71176401
Best result,107305846.13899408
Improvement(%),8.493051527910483
  5.3  , 300 iterations, population 150, mutation rate 0.7
Initial Best,110409398.74630858
Best result,105263267.41178142
Improvement(%),4.660954042827101
  5.4  , 300 iterations, population 150, mutation rate 0.7
Initial Best,111705388.74130778
Best result,108365879.44456984
Improvement(%),2.989568663040707
  6.1  , 300 iterations, population 150, mutation rate 0.7
Initial Best,111097508.57811211
Best result,110049945.37027846
Improvement(%),0.9429223222383166
  6.2  , 300 iterations, population 150, mutation rate 0.7
Initial Best,112524183.42944038
Best result,112524183.42944038
Improvement(%),0.0
  6.3  , 300 iterations, population 150, mutation rate 0.7
Initial Best,114503869.80574155
Best result,114503869.80574155
Improvement(%),0.0
  6.4  , 300 iterations, population 150, mutation rate 0.7
Initial Best,114570486.06826265
Best result,114570486.06826265
Improvement(%),0.0
  1.1  , 300 iterations, population 50, mutation rate 0.3
Initial Best,113075648.89017715
Best result,109514945.32415889
Improvement(%),3.148957004417926
  1.2  , 300 iterations, population 50, mutation rate 0.3
Initial Best,111705419.79988976
Best result,105628017.41870396
Improvement(%),5.4405617848023144
  1.3  , 300 iterations, population 50, mutation rate 0.3
Initial Best,115756746.90337749
Best result,109054085.19739424
Improvement(%),5.790298954736508
  1.4  , 300 iterations, population 50, mutation rate 0.3
Initial Best,112844093.33858728
Best result,107540503.10218014
Improvement(%),4.699927199994234
  2.1  , 300 iterations, population 50, mutation rate 0.3
Initial Best,111492729.42723976
Best result,109018396.34508133
Improvement(%),2.2192775213859868
  2.2  , 300 iterations, population 50, mutation rate 0.3
Initial Best,114994660.14511882
Best result,109012779.96471968
Improvement(%),5.201876480916795
  2.3  , 300 iterations, population 50, mutation rate 0.3
Initial Best,113901056.86683057
Best result,108208100.99057376
Improvement(%),4.99815895730698
  2.4  , 300 iterations, population 50, mutation rate 0.3
Initial Best,115689456.4334596
Best result,111163043.9117956
Improvement(%),3.91255405739366
  3.1  , 300 iterations, population 50, mutation rate 0.3
Initial Best,116516413.6875729
Best result,104256333.16954204
Improvement(%),10.522191792570128
  3.2  , 300 iterations, population 50, mutation rate 0.3
Initial Best,111333700.49966699
Best result,110847014.62018976
Improvement(%),0.4371415638687842
  3.3  , 300 iterations, population 50, mutation rate 0.3
Initial Best,115458010.93323456
Best result,107780036.00173017
Improvement(%),6.650014901039908
  3.4  , 300 iterations, population 50, mutation rate 0.3
Initial Best,115189857.56588177
Best result,109374281.4154036
Improvement(%),5.048687682552263
  4.1  , 300 iterations, population 50, mutation rate 0.3
Initial Best,111331899.32923996
Best result,107611091.78037302
Improvement(%),3.342085755551031
  4.2  , 300 iterations, population 50, mutation rate 0.3
Initial Best,116425195.86335388
Best result,108054881.26639171
Improvement(%),7.189435701517954
  4.3  , 300 iterations, population 50, mutation rate 0.3
Initial Best,115283331.38776912
Best result,110198459.47053115
Improvement(%),4.410760737069959
  4.4  , 300 iterations, population 50, mutation rate 0.3
Initial Best,117040263.3297398
Best result,112369906.00546427
Improvement(%),3.9903851814803555
  5.1  , 300 iterations, population 50, mutation rate 0.3
Initial Best,114980704.16341911
Best result,109490640.13302249
Improvement(%),4.774769880165057
  5.2  , 300 iterations, population 50, mutation rate 0.3
Initial Best,113237389.51180321
Best result,108754107.97172484
Improvement(%),3.9591883559017056
  5.3  , 300 iterations, population 50, mutation rate 0.3
Initial Best,113507398.92128925
Best result,110586491.06610101
Improvement(%),2.573319345652273
  5.4  , 300 iterations, population 50, mutation rate 0.3
Initial Best,116733597.33487642
Best result,108457229.36682679
Improvement(%),7.089962236242081
  6.1  , 300 iterations, population 50, mutation rate 0.3
Initial Best,113754953.14530744
Best result,113754953.14530744
Improvement(%),0.0
  6.2  , 300 iterations, population 50, mutation rate 0.3
Initial Best,114666090.5253161
Best result,114666090.5253161
Improvement(%),0.0
