  1.1  , 300 iterations, population 100, mutation rate 0.3
Initial Best,23074020.567767933, Exec Time,113.0
Best result,22198479.31164407
Improvement(%),3.7944893632751007
  1.2  , 300 iterations, population 100, mutation rate 0.3
Initial Best,22814462.93459336, Exec Time,115.0
Best result,21312931.78364005
Improvement(%),6.581488046674785
  1.3  , 300 iterations, population 100, mutation rate 0.3
Initial Best,22885615.249273144, Exec Time,124.0
Best result,21916413.973017137
Improvement(%),4.234980207870044
  1.4  , 300 iterations, population 100, mutation rate 0.3
Initial Best,23349941.46839918, Exec Time,122.0
Best result,21679372.83171871
Improvement(%),7.154487470306278
  2.1  , 300 iterations, population 100, mutation rate 0.3
Initial Best,23094149.13271716, Exec Time,63.0
Best result,21690840.49438668
Improvement(%),6.076468244255124
  2.2  , 300 iterations, population 100, mutation rate 0.3
Initial Best,22570897.700261503, Exec Time,63.0
Best result,21779212.345725454
Improvement(%),3.507549256788651
  2.3  , 300 iterations, population 100, mutation rate 0.3
Initial Best,22509024.69523165, Exec Time,64.0
Best result,21835131.80392301
Improvement(%),2.9938786794764938
  2.4  , 300 iterations, population 100, mutation rate 0.3
Initial Best,22567791.33162535, Exec Time,62.0
Best result,22017473.936129905
Improvement(%),2.4385079931338156
  3.1  , 300 iterations, population 100, mutation rate 0.3
Initial Best,22659260.802892823, Exec Time,123.0
Best result,22043462.23417509
Improvement(%),2.7176463260404167
  3.2  , 300 iterations, population 100, mutation rate 0.3
Initial Best,22354791.111318324, Exec Time,128.0
Best result,21950622.830320336
Improvement(%),1.8079716289245742
  3.3  , 300 iterations, population 100, mutation rate 0.3
Initial Best,23029824.457617372, Exec Time,129.0
Best result,21859431.996310342
Improvement(%),5.0820728723353765
  3.4  , 300 iterations, population 100, mutation rate 0.3
Initial Best,22598366.473964572, Exec Time,126.0
Best result,21931297.807259705
Improvement(%),2.9518446276786974
  4.1  , 300 iterations, population 100, mutation rate 0.3
Initial Best,23185056.56206839, Exec Time,62.0
Best result,21631929.888539694
Improvement(%),6.698826329669904
  4.2  , 300 iterations, population 100, mutation rate 0.3
Initial Best,23089373.66750427, Exec Time,64.0
Best result,22138988.811478198
Improvement(%),4.116113627471988
  4.3  , 300 iterations, population 100, mutation rate 0.3
Initial Best,22588389.336378038, Exec Time,62.0
Best result,21030498.719921548
Improvement(%),6.896864549556643
  4.4  , 300 iterations, population 100, mutation rate 0.3
Initial Best,22336980.727193024, Exec Time,65.0
Best result,21821635.092348218
Improvement(%),2.3071409745965563
  5.1  , 300 iterations, population 100, mutation rate 0.3
Initial Best,22615412.070087276, Exec Time,70.0
Best result,22063819.944859877
Improvement(%),2.4390098377069744
  5.2  , 300 iterations, population 100, mutation rate 0.3
Initial Best,22458182.607466456, Exec Time,63.0
Best result,22029136.678932004
Improvement(%),1.9104214086842943
  5.3  , 300 iterations, population 100, mutation rate 0.3
Initial Best,22842513.51878123, Exec Time,67.0
Best result,21901889.175130732
Improvement(%),4.1178670765680465
  5.4  , 300 iterations, population 100, mutation rate 0.3
Initial Best,21576018.632855847, Exec Time,71.0
Best result,21234427.95051327
Improvement(%),1.5831960852240146
  6.1  , 300 iterations, population 100, mutation rate 0.3
Initial Best,23157716.705472596, Exec Time,127.0
Best result,22939958.458444577
Improvement(%),0.9403269320440343
  6.2  , 300 iterations, population 100, mutation rate 0.3
Initial Best,22884566.31927687, Exec Time,113.0
Best result,22716970.11019621
Improvement(%),0.7323547527290644
  6.3  , 300 iterations, population 100, mutation rate 0.3
Initial Best,22568685.802649215, Exec Time,119.0
Best result,22568685.802649215
Improvement(%),0.0
  6.4  , 300 iterations, population 100, mutation rate 0.3
Initial Best,22687041.510649472, Exec Time,124.0
Best result,21740029.43454315
Improvement(%),4.174242268044453
  1.1  , 300 iterations, population 100, mutation rate 0.5
Initial Best,21979967.09864866, Exec Time,123.0
Best result,21604744.606420368
Improvement(%),1.707111255190918
  1.2  , 300 iterations, population 100, mutation rate 0.5
Initial Best,22937212.53898571, Exec Time,120.0
Best result,21624839.809227735
Improvement(%),5.721587693044105
  1.3  , 300 iterations, population 100, mutation rate 0.5
Initial Best,22464517.6793614, Exec Time,126.0
Best result,21493969.470559727
Improvement(%),4.320360769166809
  1.4  , 300 iterations, population 100, mutation rate 0.5
Initial Best,23428017.836458497, Exec Time,120.0
Best result,22037721.153667424
Improvement(%),5.934333380212406
  2.1  , 300 iterations, population 100, mutation rate 0.5
Initial Best,22930433.914375454, Exec Time,60.0
Best result,21859457.394001592
Improvement(%),4.670546245975965
  2.2  , 300 iterations, population 100, mutation rate 0.5
Initial Best,22538106.46171383, Exec Time,62.0
Best result,22016881.684294403
Improvement(%),2.3126378354137516
  2.3  , 300 iterations, population 100, mutation rate 0.5
Initial Best,22985269.22346603, Exec Time,67.0
Best result,21329007.45889389
Improvement(%),7.205753165080335
  2.4  , 300 iterations, population 100, mutation rate 0.5
Initial Best,22889602.170109764, Exec Time,64.0
Best result,22028032.46381893
Improvement(%),3.764022196138947
  3.1  , 300 iterations, population 100, mutation rate 0.5
Initial Best,22870592.04643497, Exec Time,124.0
Best result,21733741.160098616
Improvement(%),4.970797800197582
  3.2  , 300 iterations, population 100, mutation rate 0.5
Initial Best,22895128.269840233, Exec Time,123.0
Best result,21797202.801424626
Improvement(%),4.795454541575575
  3.3  , 300 iterations, population 100, mutation rate 0.5
Initial Best,23259591.254787266, Exec Time,119.0
Best result,22073698.003696315
Improvement(%),5.098512859063557
  3.4  , 300 iterations, population 100, mutation rate 0.5
Initial Best,22899440.469981115, Exec Time,123.0
Best result,21723382.6889152
Improvement(%),5.13574898307061
  4.1  , 300 iterations, population 100, mutation rate 0.5
Initial Best,22957842.738091353, Exec Time,68.0
Best result,21652865.52172677
Improvement(%),5.684232753277745
  4.2  , 300 iterations, population 100, mutation rate 0.5
Initial Best,22466766.559251633, Exec Time,70.0
Best result,21809625.24852229
Improvement(%),2.9249483186477407
  4.3  , 300 iterations, population 100, mutation rate 0.5
Initial Best,22795171.975266773, Exec Time,73.0
Best result,21562982.036841676
Improvement(%),5.405486476531298
  4.4  , 300 iterations, population 100, mutation rate 0.5
Initial Best,22772722.759057935, Exec Time,69.0
Best result,21494259.700981658
Improvement(%),5.614010549387485
  5.1  , 300 iterations, population 100, mutation rate 0.5
Initial Best,22739639.786363058, Exec Time,74.0
Best result,21604836.403595716
Improvement(%),4.990419344495873
  5.2  , 300 iterations, population 100, mutation rate 0.5
Initial Best,22841760.336806647, Exec Time,71.0
Best result,21448985.904476047
Improvement(%),6.0974916634875935
  5.3  , 300 iterations, population 100, mutation rate 0.5
Initial Best,22774563.75261306, Exec Time,73.0
Best result,21727200.062286917
Improvement(%),4.598830966437164
  5.4  , 300 iterations, population 100, mutation rate 0.5
Initial Best,23333063.205075752, Exec Time,73.0
Best result,21649489.9772473
Improvement(%),7.215397365666994
  6.1  , 300 iterations, population 100, mutation rate 0.5
Initial Best,22805147.365703616, Exec Time,126.0
Best result,22805147.365703616
Improvement(%),0.0
  6.2  , 300 iterations, population 100, mutation rate 0.5
Initial Best,23276901.973316867, Exec Time,129.0
Best result,23152570.433185153
Improvement(%),0.5341412713523467
  6.3  , 300 iterations, population 100, mutation rate 0.5
Initial Best,23177611.308643095, Exec Time,131.0
Best result,22763408.560473654
Improvement(%),1.7870812598146455
  6.4  , 300 iterations, population 100, mutation rate 0.5
Initial Best,22725305.820810333, Exec Time,128.0
Best result,22725305.820810333
Improvement(%),0.0
  1.1  , 300 iterations, population 100, mutation rate 0.7
Initial Best,23283543.927423425, Exec Time,124.0
Best result,21428901.173308004
Improvement(%),7.965465909727848
  1.2  , 300 iterations, population 100, mutation rate 0.7
Initial Best,22499940.165161606, Exec Time,129.0
Best result,21807387.727532413
Improvement(%),3.0780190193639956
  1.3  , 300 iterations, population 100, mutation rate 0.7
Initial Best,23211649.829817545, Exec Time,129.0
Best result,21666762.235823516
Improvement(%),6.655656126646696
  1.4  , 300 iterations, population 100, mutation rate 0.7
Initial Best,22819860.536286585, Exec Time,126.0
Best result,21860992.13749015
Improvement(%),4.2019029751374175
  2.1  , 300 iterations, population 100, mutation rate 0.7
Initial Best,22779087.83763084, Exec Time,69.0
Best result,21735668.60758389
Improvement(%),4.580601459919865
  2.2  , 300 iterations, population 100, mutation rate 0.7
Initial Best,22025312.507036615, Exec Time,71.0
Best result,21674015.50486291
Improvement(%),1.5949694337434488
  2.3  , 300 iterations, population 100, mutation rate 0.7
Initial Best,22081250.65729926, Exec Time,69.0
Best result,21763768.63806345
Improvement(%),1.4377900245014612
  2.4  , 300 iterations, population 100, mutation rate 0.7
Initial Best,22875704.31843208, Exec Time,69.0
Best result,22008578.48321159
Improvement(%),3.7905973217261932
  3.1  , 300 iterations, population 100, mutation rate 0.7
Initial Best,21993304.29776273, Exec Time,132.0
Best result,21197627.596396573
Improvement(%),3.6178133608013447
  3.2  , 300 iterations, population 100, mutation rate 0.7
Initial Best,22471947.25987685, Exec Time,128.0
Best result,21301028.73382503
Improvement(%),5.210578827507608
  3.3  , 300 iterations, population 100, mutation rate 0.7
Initial Best,23069634.6518227, Exec Time,131.0
Best result,21328455.226285685
Improvement(%),7.547494582448657
  3.4  , 300 iterations, population 100, mutation rate 0.7
Initial Best,22764843.215861972, Exec Time,134.0
Best result,21738288.75069331
Improvement(%),4.509385175354009
  4.1  , 300 iterations, population 100, mutation rate 0.7
Initial Best,23118234.16405874, Exec Time,75.0
Best result,21308911.00264261
Improvement(%),7.826389976744137
  4.2  , 300 iterations, population 100, mutation rate 0.7
Initial Best,22839049.543039475, Exec Time,75.0
Best result,21768565.15028892
Improvement(%),4.687079428297834
  4.3  , 300 iterations, population 100, mutation rate 0.7
Initial Best,22943299.290514983, Exec Time,76.0
Best result,21757031.521178614
Improvement(%),5.170432352886515
  4.4  , 300 iterations, population 100, mutation rate 0.7
Initial Best,22935688.23276132, Exec Time,73.0
Best result,21659067.114946928
Improvement(%),5.56609029935656
  5.1  , 300 iterations, population 100, mutation rate 0.7
Initial Best,22570499.67133468, Exec Time,77.0
Best result,21799942.94702083
Improvement(%),3.41399940424219
  5.2  , 300 iterations, population 100, mutation rate 0.7
Initial Best,22782272.08029656, Exec Time,73.0
Best result,21814071.866355795
Improvement(%),4.249796554655854
  5.3  , 300 iterations, population 100, mutation rate 0.7
Initial Best,22745706.773843497, Exec Time,76.0
Best result,22022354.727240376
Improvement(%),3.180169575715018
  5.4  , 300 iterations, population 100, mutation rate 0.7
Initial Best,22967013.75742171, Exec Time,74.0
Best result,21757975.833412535
Improvement(%),5.264236512326195
  6.1  , 300 iterations, population 100, mutation rate 0.7
Initial Best,23227034.195065465, Exec Time,132.0
Best result,23227034.195065465
Improvement(%),0.0
  6.2  , 300 iterations, population 100, mutation rate 0.7
Initial Best,23130698.911005624, Exec Time,128.0
Best result,23049527.36501468
Improvement(%),0.3509256088769646
  6.3  , 300 iterations, population 100, mutation rate 0.7
Initial Best,23151906.53181742, Exec Time,132.0
Best result,23032844.43326291
Improvement(%),0.5142647686093792
  6.4  , 300 iterations, population 100, mutation rate 0.7
Initial Best,23246362.377765294, Exec Time,128.0
Best result,22932198.780171875
Improvement(%),1.35145272403527
  1.1  , 300 iterations, population 150, mutation rate 0.1
Initial Best,22748301.937156565, Exec Time,175.0
Best result,22145752.686374452
Improvement(%),2.648765839519314
  1.2  , 300 iterations, population 150, mutation rate 0.1
Initial Best,22439025.020269595, Exec Time,174.0
Best result,22076068.58031874
Improvement(%),1.6175232195827944
  1.3  , 300 iterations, population 150, mutation rate 0.1
Initial Best,22738320.497739807, Exec Time,173.0
Best result,21409208.65922006
Improvement(%),5.845250702011445
  1.4  , 300 iterations, population 150, mutation rate 0.1
Initial Best,22288728.926014148, Exec Time,175.0
Best result,22144316.845018063
Improvement(%),0.6479152825423585
  2.1  , 300 iterations, population 150, mutation rate 0.1
Initial Best,22819991.19848599, Exec Time,86.0
Best result,22046494.39135579
Improvement(%),3.3895578679343097
  2.2  , 300 iterations, population 150, mutation rate 0.1
Initial Best,22328354.876169156, Exec Time,89.0
Best result,21702104.333043545
Improvement(%),2.8047321291637215
  2.3  , 300 iterations, population 150, mutation rate 0.1
Initial Best,22816581.539802335, Exec Time,85.0
Best result,21632819.884123467
Improvement(%),5.188163939518538
  2.4  , 300 iterations, population 150, mutation rate 0.1
Initial Best,22881157.112745184, Exec Time,86.0
Best result,22032446.695444558
Improvement(%),3.7092110906746094
  3.1  , 300 iterations, population 150, mutation rate 0.1
Initial Best,22334368.327947345, Exec Time,184.0
Best result,21934823.08474489
Improvement(%),1.7889256473956245
  3.2  , 300 iterations, population 150, mutation rate 0.1
Initial Best,23162845.36451082, Exec Time,187.0
Best result,22039682.91898696
Improvement(%),4.848983049572668
  3.3  , 300 iterations, population 150, mutation rate 0.1
Initial Best,22622571.77523095, Exec Time,190.0
Best result,21457742.946661092
Improvement(%),5.148967324065293
  3.4  , 300 iterations, population 150, mutation rate 0.1
Initial Best,22913749.376692936, Exec Time,185.0
Best result,21820918.785383232
Improvement(%),4.769322441927784
  4.1  , 300 iterations, population 150, mutation rate 0.1
Initial Best,22388334.848388214, Exec Time,105.0
Best result,22296974.785683926
Improvement(%),0.4080699316093384
  4.2  , 300 iterations, population 150, mutation rate 0.1
Initial Best,23009731.565523483, Exec Time,101.0
Best result,22300489.61809312
Improvement(%),3.082356460398913
  4.3  , 300 iterations, population 150, mutation rate 0.1
Initial Best,22977194.55108504, Exec Time,99.0
Best result,22282982.305461112
Improvement(%),3.0213098647900214
  4.4  , 300 iterations, population 150, mutation rate 0.1
Initial Best,23080732.475880098, Exec Time,105.0
Best result,22500208.42774387
Improvement(%),2.5151890163923003
  5.1  , 300 iterations, population 150, mutation rate 0.1
Initial Best,22022644.717768226, Exec Time,104.0
Best result,22022644.717768226
Improvement(%),0.0
  5.2  , 300 iterations, population 150, mutation rate 0.1
Initial Best,22844558.19001264, Exec Time,101.0
Best result,22099261.71449389
Improvement(%),3.2624683275537643
  5.3  , 300 iterations, population 150, mutation rate 0.1
Initial Best,23084673.552615374, Exec Time,99.0
Best result,21687582.057448376
Improvement(%),6.052030547378977
  5.4  , 300 iterations, population 150, mutation rate 0.1
Initial Best,22689233.089892253, Exec Time,103.0
Best result,21636176.235743467
Improvement(%),4.641218369861559
  6.1  , 300 iterations, population 150, mutation rate 0.1
Initial Best,22815251.47424131, Exec Time,183.0
Best result,22703403.306771036
Improvement(%),0.49023420844846066
  6.2  , 300 iterations, population 150, mutation rate 0.1
Initial Best,22730683.82916521, Exec Time,172.0
Best result,22345390.90385932
Improvement(%),1.6950344661937875
  6.3  , 300 iterations, population 150, mutation rate 0.1
Initial Best,22692687.216245703, Exec Time,178.0
Best result,22520243.74343558
Improvement(%),0.7599076793632037
  6.4  , 300 iterations, population 150, mutation rate 0.1
Initial Best,22792006.648557905, Exec Time,175.0
Best result,22792006.648557905
Improvement(%),0.0
  1.1  , 300 iterations, population 150, mutation rate 0.3
Initial Best,22256531.389097437, Exec Time,177.0
Best result,21692389.151528563
Improvement(%),2.534726672841861
  1.2  , 300 iterations, population 150, mutation rate 0.3
Initial Best,23204313.77051563, Exec Time,177.0
Best result,21758029.05910256
Improvement(%),6.232826903292339
  1.3  , 300 iterations, population 150, mutation rate 0.3
Initial Best,22428866.04040407, Exec Time,174.0
Best result,22001446.903770998
Improvement(%),1.9056653861283297
  1.4  , 300 iterations, population 150, mutation rate 0.3
Initial Best,22596838.861442488, Exec Time,178.0
Best result,21997013.017010365
Improvement(%),2.6544679462029523
  2.1  , 300 iterations, population 150, mutation rate 0.3
Initial Best,22673331.76329382, Exec Time,95.0
Best result,21798738.273441054
Improvement(%),3.857366438172352
  2.2  , 300 iterations, population 150, mutation rate 0.3
Initial Best,21862768.517918963, Exec Time,89.0
Best result,21862768.517918963
Improvement(%),0.0
  2.3  , 300 iterations, population 150, mutation rate 0.3
Initial Best,22771170.93932872, Exec Time,90.0
Best result,21790958.05145969
Improvement(%),4.3046222369534695
  2.4  , 300 iterations, population 150, mutation rate 0.3
Initial Best,23009947.90993088, Exec Time,93.0
Best result,21883678.39848267
Improvement(%),4.894706914838883
  3.1  , 300 iterations, population 150, mutation rate 0.3
Initial Best,22686086.04606956, Exec Time,191.0
Best result,21883813.435977362
Improvement(%),3.536408212782888
  3.2  , 300 iterations, population 150, mutation rate 0.3
Initial Best,22560959.357364725, Exec Time,178.0
Best result,21890215.642321628
Improvement(%),2.9730283381062974
  3.3  , 300 iterations, population 150, mutation rate 0.3
Initial Best,22637700.42352919, Exec Time,195.0
Best result,21829605.59083778
Improvement(%),3.5696860439565254
  3.4  , 300 iterations, population 150, mutation rate 0.3
Initial Best,22790104.713904146, Exec Time,186.0
Best result,21713160.306667276
Improvement(%),4.725491263670373
  4.1  , 300 iterations, population 150, mutation rate 0.3
Initial Best,22966401.307545144, Exec Time,106.0
Best result,21890190.79699061
Improvement(%),4.686021532685516
  4.2  , 300 iterations, population 150, mutation rate 0.3
Initial Best,22424907.878031515, Exec Time,102.0
Best result,21658178.091575265
Improvement(%),3.4190989351058776
  4.3  , 300 iterations, population 150, mutation rate 0.3
Initial Best,22582751.489880644, Exec Time,104.0
Best result,21862557.495941255
Improvement(%),3.189133061407988
  4.4  , 300 iterations, population 150, mutation rate 0.3
Initial Best,22925757.97950184, Exec Time,97.0
Best result,22088648.111502804
Improvement(%),3.65139450895148
  5.1  , 300 iterations, population 150, mutation rate 0.3
Initial Best,22668978.671674564, Exec Time,103.0
Best result,21724214.803424124
Improvement(%),4.167650788039013
  5.2  , 300 iterations, population 150, mutation rate 0.3
Initial Best,22499348.323446654, Exec Time,108.0
Best result,21087095.187766798
Improvement(%),6.276862402312967
  5.3  , 300 iterations, population 150, mutation rate 0.3
Initial Best,22739913.883899465, Exec Time,102.0
Best result,21832510.610407617
Improvement(%),3.9903549244938734
  5.4  , 300 iterations, population 150, mutation rate 0.3
Initial Best,22642921.03649137, Exec Time,106.0
Best result,21719074.559213385
Improvement(%),4.080067566322888
  6.1  , 300 iterations, population 150, mutation rate 0.3
Initial Best,22646974.62993355, Exec Time,189.0
Best result,22228262.433579337
Improvement(%),1.8488659222533985
  6.2  , 300 iterations, population 150, mutation rate 0.3
Initial Best,22160906.1009738, Exec Time,187.0
Best result,22160906.1009738
Improvement(%),0.0
  6.3  , 300 iterations, population 150, mutation rate 0.3
Initial Best,22966935.16997378, Exec Time,181.0
Best result,22311434.88695092
Improvement(%),2.854104294594073
  6.4  , 300 iterations, population 150, mutation rate 0.3
Initial Best,22999798.884026635, Exec Time,175.0
Best result,22875060.310475875
Improvement(%),0.5423463665040641
  1.1  , 300 iterations, population 150, mutation rate 0.5
Initial Best,22449027.83279951, Exec Time,182.0
Best result,22075501.355951816
Improvement(%),1.6638870940413133
  1.2  , 300 iterations, population 150, mutation rate 0.5
Initial Best,22601962.311791807, Exec Time,181.0
Best result,21856349.509326715
Improvement(%),3.2988852568614995
  1.3  , 300 iterations, population 150, mutation rate 0.5
Initial Best,22930084.278257076, Exec Time,176.0
Best result,21718131.611088008
Improvement(%),5.285426134775589
  1.4  , 300 iterations, population 150, mutation rate 0.5
Initial Best,22861982.761660673, Exec Time,181.0
Best result,21784772.42322439
Improvement(%),4.7117975272151575
  2.1  , 300 iterations, population 150, mutation rate 0.5
Initial Best,22469190.430476457, Exec Time,95.0
Best result,21857802.189189613
Improvement(%),2.721006985892903
  2.2  , 300 iterations, population 150, mutation rate 0.5
Initial Best,22538782.526123405, Exec Time,100.0
Best result,21355043.483221997
Improvement(%),5.252009692756936
  2.3  , 300 iterations, population 150, mutation rate 0.5
Initial Best,22726886.203226436, Exec Time,94.0
Best result,21723153.32244333
Improvement(%),4.416499787113871
  2.4  , 300 iterations, population 150, mutation rate 0.5
Initial Best,22831164.868858818, Exec Time,95.0
Best result,21979173.521303117
Improvement(%),3.7317033644559996
  3.1  , 300 iterations, population 150, mutation rate 0.5
Initial Best,22679785.04865971, Exec Time,188.0
Best result,21098439.47767088
Improvement(%),6.972489234779065
  3.2  , 300 iterations, population 150, mutation rate 0.5
Initial Best,22861510.58322482, Exec Time,186.0
Best result,21797413.257602714
Improvement(%),4.654536373475315
  3.3  , 300 iterations, population 150, mutation rate 0.5
Initial Best,23072630.629787832, Exec Time,198.0
Best result,21720407.900344532
Improvement(%),5.8607219572852625
  3.4  , 300 iterations, population 150, mutation rate 0.5
Initial Best,23123777.125552267, Exec Time,198.0
Best result,21568584.450108882
Improvement(%),6.725513167677367
  4.1  , 300 iterations, population 150, mutation rate 0.5
Initial Best,23016776.63163498, Exec Time,111.0
Best result,21005920.503756553
Improvement(%),8.73648017730964
  4.2  , 300 iterations, population 150, mutation rate 0.5
Initial Best,22914947.351184405, Exec Time,109.0
Best result,21430273.50893235
Improvement(%),6.479062855779675
  4.3  , 300 iterations, population 150, mutation rate 0.5
Initial Best,22366695.218642347, Exec Time,113.0
Best result,21401366.687956218
Improvement(%),4.315919366941346
  4.4  , 300 iterations, population 150, mutation rate 0.5
Initial Best,23020211.433311015, Exec Time,114.0
Best result,21608419.14116016
Improvement(%),6.132838076838619
  5.1  , 300 iterations, population 150, mutation rate 0.5
Initial Best,23044118.41052124, Exec Time,115.0
Best result,21725186.833840195
Improvement(%),5.7235063333074185
  5.2  , 300 iterations, population 150, mutation rate 0.5
Initial Best,22785470.488393236, Exec Time,113.0
Best result,21972308.760212682
Improvement(%),3.5687730415519523
  5.3  , 300 iterations, population 150, mutation rate 0.5
Initial Best,22808505.589062147, Exec Time,108.0
Best result,21717840.22352376
Improvement(%),4.781836150025623
  5.4  , 300 iterations, population 150, mutation rate 0.5
Initial Best,22985726.468481563, Exec Time,113.0
Best result,21410001.635405477
Improvement(%),6.855231811954031
  6.1  , 300 iterations, population 150, mutation rate 0.5
Initial Best,22919449.85128681, Exec Time,190.0
Best result,22911308.830221597
Improvement(%),0.035520141705127836
  6.2  , 300 iterations, population 150, mutation rate 0.5
Initial Best,22841620.9422533, Exec Time,185.0
Best result,22641890.50754389
Improvement(%),0.8744144525222307
  6.3  , 300 iterations, population 150, mutation rate 0.5
Initial Best,22590426.434057843, Exec Time,188.0
Best result,22590426.434057843
Improvement(%),0.0
  6.4  , 300 iterations, population 150, mutation rate 0.5
Initial Best,22461090.02642306, Exec Time,191.0
Best result,22461090.02642306
Improvement(%),0.0
  1.1  , 300 iterations, population 150, mutation rate 0.7
Initial Best,22824296.853019074, Exec Time,187.0
Best result,21363570.353173718
Improvement(%),6.399875138550605
  1.2  , 300 iterations, population 150, mutation rate 0.7
Initial Best,22632166.12400336, Exec Time,183.0
Best result,21687373.535059992
Improvement(%),4.174556618958944
  1.3  , 300 iterations, population 150, mutation rate 0.7
Initial Best,23024700.785149116, Exec Time,183.0
Best result,21533959.374332108
Improvement(%),6.474531090447584
  1.4  , 300 iterations, population 150, mutation rate 0.7
Initial Best,22555821.59822963, Exec Time,185.0
Best result,21330767.558450293
Improvement(%),5.431210006890157
  2.1  , 300 iterations, population 150, mutation rate 0.7
Initial Best,23023080.86391276, Exec Time,97.0
Best result,21692385.676004916
Improvement(%),5.779831099814388
  2.2  , 300 iterations, population 150, mutation rate 0.7
Initial Best,22988060.16610918, Exec Time,99.0
Best result,21836087.473280847
Improvement(%),5.011178344341819
  2.3  , 300 iterations, population 150, mutation rate 0.7
Initial Best,23180900.89221606, Exec Time,106.0
Best result,21488363.11662306
Improvement(%),7.301432258663167
  2.4  , 300 iterations, population 150, mutation rate 0.7
Initial Best,22838215.330329392, Exec Time,99.0
Best result,21866445.855986714
Improvement(%),4.255014940034117
  3.1  , 300 iterations, population 150, mutation rate 0.7
Initial Best,22265376.68586836, Exec Time,201.0
Best result,21766640.03307943
Improvement(%),2.2399650355139666
  3.2  , 300 iterations, population 150, mutation rate 0.7
Initial Best,22528914.773511738, Exec Time,198.0
Best result,21501520.526806187
Improvement(%),4.5603361592610066
  3.3  , 300 iterations, population 150, mutation rate 0.7
Initial Best,22748503.24227619, Exec Time,205.0
Best result,21370147.232549924
Improvement(%),6.059106373050108
  3.4  , 300 iterations, population 150, mutation rate 0.7
Initial Best,23016209.125264306, Exec Time,190.0
Best result,21888159.707216393
Improvement(%),4.90110865741866
  4.1  , 300 iterations, population 150, mutation rate 0.7
Initial Best,22438081.66743238, Exec Time,115.0
Best result,21603472.99041913
Improvement(%),3.7196079833537468
  4.2  , 300 iterations, population 150, mutation rate 0.7
Initial Best,22603299.637869976, Exec Time,111.0
Best result,21113917.264556125
Improvement(%),6.589225454581478
  4.3  , 300 iterations, population 150, mutation rate 0.7
Initial Best,23075136.42751442, Exec Time,115.0
Best result,21285237.861540753
Improvement(%),7.756827664253459
  4.4  , 300 iterations, population 150, mutation rate 0.7
Initial Best,22476714.350389417, Exec Time,114.0
Best result,21197102.28641699
Improvement(%),5.693056574126274
  5.1  , 300 iterations, population 150, mutation rate 0.7
Initial Best,22562006.689046476, Exec Time,114.0
Best result,21721896.85619196
Improvement(%),3.723559896214275
  5.2  , 300 iterations, population 150, mutation rate 0.7
Initial Best,23013187.90672197, Exec Time,118.0
Best result,21214659.10183119
Improvement(%),7.815209314679267
  5.3  , 300 iterations, population 150, mutation rate 0.7
Initial Best,22741935.47662645, Exec Time,114.0
Best result,21812818.875567544
Improvement(%),4.085477254184567
  5.4  , 300 iterations, population 150, mutation rate 0.7
Initial Best,22854677.286115088, Exec Time,112.0
Best result,21622010.94296862
Improvement(%),5.393497040955149
  6.1  , 300 iterations, population 150, mutation rate 0.7
Initial Best,22852833.396193847, Exec Time,192.0
Best result,22852833.396193847
Improvement(%),0.0
  6.2  , 300 iterations, population 150, mutation rate 0.7
Initial Best,22535791.640078854, Exec Time,196.0
Best result,22535791.640078854
Improvement(%),0.0
  6.3  , 300 iterations, population 150, mutation rate 0.7
Initial Best,22810830.573018294, Exec Time,195.0
Best result,22810830.573018294
Improvement(%),0.0
  6.4  , 300 iterations, population 150, mutation rate 0.7
Initial Best,22081301.73479654, Exec Time,199.0
Best result,22081301.73479654
Improvement(%),0.0
  1.1  , 300 iterations, population 50, mutation rate 0.3
Initial Best,22592826.878013942, Exec Time,116.0
Best result,22099066.01451731
Improvement(%),2.185476240590023
  1.2  , 300 iterations, population 50, mutation rate 0.3
Initial Best,23058577.18464503, Exec Time,119.0
Best result,22168340.64682065
Improvement(%),3.8607609250808403
  1.3  , 300 iterations, population 50, mutation rate 0.3
Initial Best,22943983.327271637, Exec Time,121.0
Best result,21769829.610768292
Improvement(%),5.117479819241867
  1.4  , 300 iterations, population 50, mutation rate 0.3
Initial Best,22498526.994561203, Exec Time,119.0
Best result,22074992.581090003
Improvement(%),1.8824984123342154
  2.1  , 300 iterations, population 50, mutation rate 0.3
Initial Best,22770407.539815728, Exec Time,61.0
Best result,21796506.196387757
Improvement(%),4.277048365186407
  2.2  , 300 iterations, population 50, mutation rate 0.3
Initial Best,22916258.92953277, Exec Time,60.0
Best result,21849130.018977795
Improvement(%),4.656645370592051
  2.3  , 300 iterations, population 50, mutation rate 0.3
Initial Best,22051638.722303223, Exec Time,62.0
Best result,22051638.722303223
Improvement(%),0.0
  2.4  , 300 iterations, population 50, mutation rate 0.3
Initial Best,23349528.432815842, Exec Time,63.0
Best result,21601472.383418236
Improvement(%),7.486472604478202
  3.1  , 300 iterations, population 50, mutation rate 0.3
Initial Best,22984325.21915063, Exec Time,119.0
Best result,22285984.215781998
Improvement(%),3.0383358950506434
  3.2  , 300 iterations, population 50, mutation rate 0.3
Initial Best,22846823.153950524, Exec Time,123.0
Best result,21780530.129729737
Improvement(%),4.667139133680433
  3.3  , 300 iterations, population 50, mutation rate 0.3
Initial Best,22968958.56799534, Exec Time,125.0
Best result,21661121.229172323
Improvement(%),5.693933989002622
  3.4  , 300 iterations, population 50, mutation rate 0.3
Initial Best,22301629.74127715, Exec Time,124.0
Best result,21952584.904454492
Improvement(%),1.5651091013166016
  4.1  , 300 iterations, population 50, mutation rate 0.3
Initial Best,23161741.113531698, Exec Time,70.0
Best result,22287483.078651678
Improvement(%),3.774578217564375
  4.2  , 300 iterations, population 50, mutation rate 0.3
Initial Best,22588505.343314197, Exec Time,70.0
Best result,21912822.81858261
Improvement(%),2.991267082359559
  4.3  , 300 iterations, population 50, mutation rate 0.3
Initial Best,22618250.615265705, Exec Time,68.0
Best result,21698298.69842268
Improvement(%),4.067299158061859
  4.4  , 300 iterations, population 50, mutation rate 0.3
Initial Best,23023694.56851028, Exec Time,69.0
Best result,22002259.882642895
Improvement(%),4.436449948673354
  5.1  , 300 iterations, population 50, mutation rate 0.3
Initial Best,23142263.700931743, Exec Time,69.0
Best result,21814138.87931393
Improvement(%),5.7389581191417305
  5.2  , 300 iterations, population 50, mutation rate 0.3
Initial Best,22743497.816123884, Exec Time,63.0
Best result,21924728.656643976
Improvement(%),3.6000142374733866
  5.3  , 300 iterations, population 50, mutation rate 0.3
Initial Best,23222402.608771745, Exec Time,66.0
Best result,21499998.780313104
Improvement(%),7.416992364984841
  5.4  , 300 iterations, population 50, mutation rate 0.3
Initial Best,22414692.071281765, Exec Time,61.0
Best result,21996982.295435786
Improvement(%),1.8635534876749793
  6.1  , 300 iterations, population 50, mutation rate 0.3
Initial Best,23075369.969576553, Exec Time,112.0
Best result,23075369.969576553
Improvement(%),0.0
  6.2  , 300 iterations, population 50, mutation rate 0.3
Initial Best,22629219.6639848, Exec Time,123.0
Best result,22629219.6639848
Improvement(%),0.0
  6.3  , 300 iterations, population 50, mutation rate 0.3
Initial Best,22868432.105215378, Exec Time,114.0
Best result,22813554.87105479
Improvement(%),0.2399693774724148
  6.4  , 300 iterations, population 50, mutation rate 0.3
Initial Best,22605085.458568573, Exec Time,111.0
Best result,22605085.458568573
Improvement(%),0.0
  1.1  , 300 iterations, population 50, mutation rate 0.5
Initial Best,22506182.094032407, Exec Time,113.0
Best result,21819929.24321215
Improvement(%),3.049174879830998
  1.2  , 300 iterations, population 50, mutation rate 0.5
Initial Best,23501002.87416876, Exec Time,118.0
Best result,21817833.638262287
Improvement(%),7.162116633569446
  1.3  , 300 iterations, population 50, mutation rate 0.5
Initial Best,21777307.133991294, Exec Time,124.0
Best result,21518416.20571923
Improvement(%),1.1888105663347728
  1.4  , 300 iterations, population 50, mutation rate 0.5
Initial Best,22919158.615295254, Exec Time,116.0
Best result,21542742.36226935
Improvement(%),6.005526974743932
  2.1  , 300 iterations, population 50, mutation rate 0.5
Initial Best,22866316.83718256, Exec Time,67.0
Best result,21196606.592085097
Improvement(%),7.302051559009155
  2.2  , 300 iterations, population 50, mutation rate 0.5
Initial Best,22476822.93898034, Exec Time,64.0
Best result,21315556.757466618
Improvement(%),5.166505002358682
  2.3  , 300 iterations, population 50, mutation rate 0.5
Initial Best,22742736.317611564, Exec Time,64.0
Best result,21494280.68754434
Improvement(%),5.489469748195797
  2.4  , 300 iterations, population 50, mutation rate 0.5
Initial Best,23358063.586085975, Exec Time,65.0
Best result,21839006.666371744
Improvement(%),6.503351247913843
  3.1  , 300 iterations, population 50, mutation rate 0.5
Initial Best,23072547.765756693, Exec Time,127.0
Best result,21853365.973321915
Improvement(%),5.284122953444424
  3.2  , 300 iterations, population 50, mutation rate 0.5
Initial Best,23134387.232135985, Exec Time,123.0
Best result,21783024.61462367
Improvement(%),5.841359029536504
  3.3  , 300 iterations, population 50, mutation rate 0.5
Initial Best,22174812.531911034, Exec Time,126.0
Best result,21889763.33233071
Improvement(%),1.2854638530545326
  3.4  , 300 iterations, population 50, mutation rate 0.5
Initial Best,22627337.489034805, Exec Time,117.0
Best result,21710117.808006115
Improvement(%),4.053590845468117
  4.1  , 300 iterations, population 50, mutation rate 0.5
Initial Best,23102863.811583195, Exec Time,68.0
Best result,21404956.700954102
Improvement(%),7.349336101690583
  4.2  , 300 iterations, population 50, mutation rate 0.5
Initial Best,22745646.19314007, Exec Time,68.0
Best result,21395186.42672873
Improvement(%),5.937223128084314
  4.3  , 300 iterations, population 50, mutation rate 0.5
Initial Best,23083910.840828937, Exec Time,71.0
Best result,21629451.48474565
Improvement(%),6.30074932325053
  4.4  , 300 iterations, population 50, mutation rate 0.5
Initial Best,22906739.407314446, Exec Time,70.0
Best result,21492688.841334756
Improvement(%),6.173076581681298
  5.1  , 300 iterations, population 50, mutation rate 0.5
Initial Best,22848075.055597197, Exec Time,70.0
Best result,21982245.68582435
Improvement(%),3.789506851960124
  5.2  , 300 iterations, population 50, mutation rate 0.5
Initial Best,22885194.14879681, Exec Time,65.0
Best result,21730619.94370381
Improvement(%),5.045070614590796
  5.3  , 300 iterations, population 50, mutation rate 0.5
Initial Best,23120275.437410332, Exec Time,73.0
Best result,21585328.128771648
Improvement(%),6.638966360041823
  5.4  , 300 iterations, population 50, mutation rate 0.5
Initial Best,22549894.97858725, Exec Time,73.0
Best result,21671100.566402644
Improvement(%),3.8971108868537336
  6.1  , 300 iterations, population 50, mutation rate 0.5
Initial Best,22830958.328624304, Exec Time,120.0
Best result,22830958.328624304
Improvement(%),0.0
  6.2  , 300 iterations, population 50, mutation rate 0.5
Initial Best,22818623.965246886, Exec Time,124.0
Best result,22818623.965246886
Improvement(%),0.0
  6.3  , 300 iterations, population 50, mutation rate 0.5
Initial Best,23237311.631138522, Exec Time,124.0
Best result,22711086.664934624
Improvement(%),2.264569045494681
  6.4  , 300 iterations, population 50, mutation rate 0.5
Initial Best,22736665.503115788, Exec Time,135.0
Best result,22736665.503115788
Improvement(%),0.0
  1.1  , 300 iterations, population 50, mutation rate 0.7
Initial Best,22548972.161996186, Exec Time,127.0
Best result,21839988.3093459
Improvement(%),3.1441958753454813
  1.2  , 300 iterations, population 50, mutation rate 0.7
Initial Best,22966731.296353016, Exec Time,124.0
Best result,21635711.154105783
Improvement(%),5.7954269811942805
  1.3  , 300 iterations, population 50, mutation rate 0.7
Initial Best,23054013.762123626, Exec Time,122.0
Best result,21512243.225662477
Improvement(%),6.68764473019525
  1.4  , 300 iterations, population 50, mutation rate 0.7
Initial Best,22704152.594994538, Exec Time,121.0
Best result,21609100.09832442
Improvement(%),4.823137494730969
  2.1  , 300 iterations, population 50, mutation rate 0.7
Initial Best,22891774.60386169, Exec Time,63.0
Best result,21296960.058040768
Improvement(%),6.966758031733752
  2.2  , 300 iterations, population 50, mutation rate 0.7
Initial Best,22427221.53071689, Exec Time,66.0
Best result,21934861.31967269
Improvement(%),2.1953687413746317
  2.3  , 300 iterations, population 50, mutation rate 0.7
Initial Best,22986777.962489583, Exec Time,70.0
Best result,21701391.229340922
Improvement(%),5.591852565184158
  2.4  , 300 iterations, population 50, mutation rate 0.7
Initial Best,22542545.825211562, Exec Time,70.0
Best result,20951433.490200512
Improvement(%),7.058263726502228
  3.1  , 300 iterations, population 50, mutation rate 0.7
Initial Best,23159449.154475626, Exec Time,132.0
Best result,21732167.213711
Improvement(%),6.162849259688884
  3.2  , 300 iterations, population 50, mutation rate 0.7
Initial Best,22231380.634660278, Exec Time,130.0
Best result,21614289.287913084
Improvement(%),2.775767087470514
  3.3  , 300 iterations, population 50, mutation rate 0.7
Initial Best,23058110.570961107, Exec Time,126.0
Best result,21759098.9836166
Improvement(%),5.633642805843999
  3.4  , 300 iterations, population 50, mutation rate 0.7
Initial Best,23023816.84414721, Exec Time,127.0
Best result,21675172.347033754
Improvement(%),5.857606087829388
  4.1  , 300 iterations, population 50, mutation rate 0.7
Initial Best,22711714.52075848, Exec Time,73.0
Best result,20702247.892758932
Improvement(%),8.84770996114317
  4.2  , 300 iterations, population 50, mutation rate 0.7
Initial Best,23169108.675726164, Exec Time,70.0
Best result,21929325.154944886
Improvement(%),5.351019489498862
  4.3  , 300 iterations, population 50, mutation rate 0.7
Initial Best,22886760.234216034, Exec Time,70.0
Best result,21459093.87064984
Improvement(%),6.237957443324862
  4.4  , 300 iterations, population 50, mutation rate 0.7
Initial Best,22623698.49760279, Exec Time,67.0
Best result,21427172.0466545
Improvement(%),5.2888189394633
  5.1  , 300 iterations, population 50, mutation rate 0.7
Initial Best,23388787.162852447, Exec Time,73.0
Best result,21969969.519590084
Improvement(%),6.066230084456111
  5.2  , 300 iterations, population 50, mutation rate 0.7
Initial Best,22467439.98737197, Exec Time,77.0
Best result,21558227.68368003
Improvement(%),4.046799743108114
  5.3  , 300 iterations, population 50, mutation rate 0.7
Initial Best,22801161.371451236, Exec Time,75.0
Best result,21685037.381822024
Improvement(%),4.895031316372698
  5.4  , 300 iterations, population 50, mutation rate 0.7
Initial Best,22426769.41441424, Exec Time,73.0
Best result,21687261.65316545
Improvement(%),3.2974332931496138
  6.1  , 300 iterations, population 50, mutation rate 0.7
Initial Best,22173943.153509833, Exec Time,125.0
Best result,22173943.153509833
Improvement(%),0.0
  6.2  , 300 iterations, population 50, mutation rate 0.7
Initial Best,22696810.503472865, Exec Time,125.0
Best result,22696810.503472865
Improvement(%),0.0
  6.3  , 300 iterations, population 50, mutation rate 0.7
Initial Best,22907698.127428573, Exec Time,124.0
Best result,22907698.127428573
Improvement(%),0.0
  6.4  , 300 iterations, population 50, mutation rate 0.7
Initial Best,22458569.212706733, Exec Time,128.0
Best result,22458569.212706733
Improvement(%),0.0
