2515
For section ,  1.1   with parameters 300 iterations, population 100, mutation rate 0.3,
Count of section is, 6,
sum of section, 10636046153.324389,
Average Result is, 1772674358.887398,
For section ,  1.2   with parameters 300 iterations, population 100, mutation rate 0.3,
Count of section is, 6,
sum of section, 41133207073.37042,
Average Result is, 6855534512.228404,
For section ,  1.3   with parameters 300 iterations, population 100, mutation rate 0.3,
Count of section is, 5,
sum of section, 18512262130.980232,
Average Result is, 3702452426.1960464,
For section ,  1.4   with parameters 300 iterations, population 100, mutation rate 0.3,
Count of section is, 8,
sum of section, 33579784983.321453,
Average Result is, 4197473122.9151816,
For section ,  2.1   with parameters 300 iterations, population 100, mutation rate 0.3,
Count of section is, 9,
sum of section, 62101628195.439285,
Average Result is, 6900180910.604365,
For section ,  2.2   with parameters 300 iterations, population 100, mutation rate 0.3,
Count of section is, 4,
sum of section, 47988421128.15647,
Average Result is, 11997105282.039118,
For section ,  2.3   with parameters 300 iterations, population 100, mutation rate 0.3,
Count of section is, 5,
sum of section, 42511360904.940094,
Average Result is, 8502272180.988019,
For section ,  2.4   with parameters 300 iterations, population 100, mutation rate 0.3,
Count of section is, 3,
sum of section, 25766980738.35129,
Average Result is, 8588993579.450431,
For section ,  3.1   with parameters 300 iterations, population 100, mutation rate 0.3,
Count of section is, 7,
sum of section, 64356179833.49444,
Average Result is, 9193739976.213491,
For section ,  3.2   with parameters 300 iterations, population 100, mutation rate 0.3,
Count of section is, 5,
sum of section, 45110919107.53897,
Average Result is, 9022183821.507793,
For section ,  3.3   with parameters 300 iterations, population 100, mutation rate 0.3,
Count of section is, 7,
sum of section, 48157067764.28844,
Average Result is, 6879581109.184062,
For section ,  3.4   with parameters 300 iterations, population 100, mutation rate 0.3,
Count of section is, 4,
sum of section, 9389277666.407293,
Average Result is, 2347319416.6018233,
For section ,  4.1   with parameters 300 iterations, population 100, mutation rate 0.3,
Count of section is, 11,
sum of section, 71645277127.76607,
Average Result is, 6513207011.615097,
For section ,  4.2   with parameters 300 iterations, population 100, mutation rate 0.3,
Count of section is, 7,
sum of section, 64457510273.88823,
Average Result is, 9208215753.412603,
For section ,  4.3   with parameters 300 iterations, population 100, mutation rate 0.3,
Count of section is, 9,
sum of section, 153895432056.85648,
Average Result is, 17099492450.761831,
For section ,  4.4   with parameters 300 iterations, population 100, mutation rate 0.3,
Count of section is, 3,
sum of section, 25466210946.838478,
Average Result is, 8488736982.279492,
For section ,  5.1   with parameters 300 iterations, population 100, mutation rate 0.3,
Count of section is, 3,
sum of section, 16066851054.028563,
Average Result is, 5355617018.009521,
For section ,  5.2   with parameters 300 iterations, population 100, mutation rate 0.3,
Count of section is, 5,
sum of section, 40311162553.41879,
Average Result is, 8062232510.683759,
For section ,  5.3   with parameters 300 iterations, population 100, mutation rate 0.3,
Count of section is, 8,
sum of section, 34879742641.186066,
Average Result is, 4359967830.148258,
For section ,  5.4   with parameters 300 iterations, population 100, mutation rate 0.3,
Count of section is, 2,
sum of section, 42810446.58336912,
Average Result is, 21405223.29168456,
For section ,  6.1   with parameters 300 iterations, population 100, mutation rate 0.3,
Count of section is, 4,
sum of section, 2192095728.129161,
Average Result is, 548023932.0322902,
For section ,  6.2   with parameters 300 iterations, population 100, mutation rate 0.3,
Count of section is, 2,
sum of section, 9845601536.429474,
Average Result is, 4922800768.214737,
For section ,  6.3   with parameters 300 iterations, population 100, mutation rate 0.3,
Count of section is, 1,
sum of section, 22568685.802649215,
Average Result is, 22568685.802649215,
For section ,  6.4   with parameters 300 iterations, population 100, mutation rate 0.3,
Count of section is, 2,
sum of section, 1844427070.9451926,
Average Result is, 922213535.4725963,
For section ,  1.1   with parameters 300 iterations, population 100, mutation rate 0.5,
Count of section is, 2,
sum of section, 5143584711.70507,
Average Result is, 2571792355.852535,
For section ,  1.2   with parameters 300 iterations, population 100, mutation rate 0.5,
Count of section is, 8,
sum of section, 50377865117.54764,
Average Result is, 6297233139.693455,
For section ,  1.3   with parameters 300 iterations, population 100, mutation rate 0.5,
Count of section is, 5,
sum of section, 21910363869.265892,
Average Result is, 4382072773.853178,
For section ,  1.4   with parameters 300 iterations, population 100, mutation rate 0.5,
Count of section is, 6,
sum of section, 39135461170.0853,
Average Result is, 6522576861.680882,
For section ,  2.1   with parameters 300 iterations, population 100, mutation rate 0.5,
Count of section is, 11,
sum of section, 47746650267.85301,
Average Result is, 4340604569.804819,
For section ,  2.2   with parameters 300 iterations, population 100, mutation rate 0.5,
Count of section is, 5,
sum of section, 37211538924.371155,
Average Result is, 7442307784.874231,
For section ,  2.3   with parameters 300 iterations, population 100, mutation rate 0.5,
Count of section is, 9,
sum of section, 69902433071.27623,
Average Result is, 7766937007.919581,
For section ,  2.4   with parameters 300 iterations, population 100, mutation rate 0.5,
Count of section is, 9,
sum of section, 70501384346.65614,
Average Result is, 7833487149.62846,
For section ,  3.1   with parameters 300 iterations, population 100, mutation rate 0.5,
Count of section is, 10,
sum of section, 75723376759.43372,
Average Result is, 7572337675.943372,
For section ,  3.2   with parameters 300 iterations, population 100, mutation rate 0.5,
Count of section is, 6,
sum of section, 63033308779.98683,
Average Result is, 10505551463.331139,
For section ,  3.3   with parameters 300 iterations, population 100, mutation rate 0.5,
Count of section is, 8,
sum of section, 71479887484.49843,
Average Result is, 8934985935.562304,
For section ,  3.4   with parameters 300 iterations, population 100, mutation rate 0.5,
Count of section is, 6,
sum of section, 14334761225.471704,
Average Result is, 2389126870.9119506,
For section ,  4.1   with parameters 300 iterations, population 100, mutation rate 0.5,
Count of section is, 7,
sum of section, 64055035952.6797,
Average Result is, 9150719421.811386,
For section ,  4.2   with parameters 300 iterations, population 100, mutation rate 0.5,
Count of section is, 4,
sum of section, 17988611673.08864,
Average Result is, 4497152918.27216,
For section ,  4.3   with parameters 300 iterations, population 100, mutation rate 0.5,
Count of section is, 5,
sum of section, 25010965795.485825,
Average Result is, 5002193159.097165,
For section ,  4.4   with parameters 300 iterations, population 100, mutation rate 0.5,
Count of section is, 3,
sum of section, 1866688367.0309973,
Average Result is, 622229455.6769991,
For section ,  5.1   with parameters 300 iterations, population 100, mutation rate 0.5,
Count of section is, 7,
sum of section, 36655462407.52678,
Average Result is, 5236494629.646683,
For section ,  5.2   with parameters 300 iterations, population 100, mutation rate 0.5,
Count of section is, 7,
sum of section, 53254907723.16551,
Average Result is, 7607843960.452216,
For section ,  5.3   with parameters 300 iterations, population 100, mutation rate 0.5,
Count of section is, 11,
sum of section, 90045883097.94669,
Average Result is, 8185989372.540607,
For section ,  5.4   with parameters 300 iterations, population 100, mutation rate 0.5,
Count of section is, 10,
sum of section, 15825536521.4338,
Average Result is, 1582553652.14338,
For section ,  6.1   with parameters 300 iterations, population 100, mutation rate 0.5,
Count of section is, 1,
sum of section, 22805147.365703616,
Average Result is, 22805147.365703616,
For section ,  6.2   with parameters 300 iterations, population 100, mutation rate 0.5,
Count of section is, 3,
sum of section, 13069665713.374308,
Average Result is, 4356555237.791436,
For section ,  6.3   with parameters 300 iterations, population 100, mutation rate 0.5,
Count of section is, 3,
sum of section, 1768951097.825139,
Average Result is, 589650365.941713,
For section ,  6.4   with parameters 300 iterations, population 100, mutation rate 0.5,
Count of section is, 1,
sum of section, 22725305.820810333,
Average Result is, 22725305.820810333,
For section ,  1.1   with parameters 300 iterations, population 100, mutation rate 0.7,
Count of section is, 6,
sum of section, 19333825277.570457,
Average Result is, 3222304212.9284096,
For section ,  1.2   with parameters 300 iterations, population 100, mutation rate 0.7,
Count of section is, 7,
sum of section, 65654775379.275055,
Average Result is, 9379253625.610722,
For section ,  1.3   with parameters 300 iterations, population 100, mutation rate 0.7,
Count of section is, 9,
sum of section, 41903020835.36305,
Average Result is, 4655891203.929228,
For section ,  1.4   with parameters 300 iterations, population 100, mutation rate 0.7,
Count of section is, 4,
sum of section, 23489209082.370914,
Average Result is, 5872302270.592729,
For section ,  2.1   with parameters 300 iterations, population 100, mutation rate 0.7,
Count of section is, 4,
sum of section, 12089048821.804708,
Average Result is, 3022262205.451177,
For section ,  2.2   with parameters 300 iterations, population 100, mutation rate 0.7,
Count of section is, 4,
sum of section, 50487359810.568436,
Average Result is, 12621839952.642109,
For section ,  2.3   with parameters 300 iterations, population 100, mutation rate 0.7,
Count of section is, 3,
sum of section, 54465609463.92357,
Average Result is, 18155203154.64119,
For section ,  2.4   with parameters 300 iterations, population 100, mutation rate 0.7,
Count of section is, 9,
sum of section, 39501022197.86893,
Average Result is, 4389002466.429881,
For section ,  3.1   with parameters 300 iterations, population 100, mutation rate 0.7,
Count of section is, 2,
sum of section, 3443190931.8941593,
Average Result is, 1721595465.9470797,
For section ,  3.2   with parameters 300 iterations, population 100, mutation rate 0.7,
Count of section is, 8,
sum of section, 34277026635.538673,
Average Result is, 4284628329.442334,
For section ,  3.3   with parameters 300 iterations, population 100, mutation rate 0.7,
Count of section is, 5,
sum of section, 3811275094.2726784,
Average Result is, 762255018.8545357,
For section ,  3.4   with parameters 300 iterations, population 100, mutation rate 0.7,
Count of section is, 5,
sum of section, 16211220187.619154,
Average Result is, 3242244037.523831,
For section ,  4.1   with parameters 300 iterations, population 100, mutation rate 0.7,
Count of section is, 13,
sum of section, 84389531357.1367,
Average Result is, 6491502412.087439,
For section ,  4.2   with parameters 300 iterations, population 100, mutation rate 0.7,
Count of section is, 9,
sum of section, 18801131990.3344,
Average Result is, 2089014665.5927112,
For section ,  4.3   with parameters 300 iterations, population 100, mutation rate 0.7,
Count of section is, 8,
sum of section, 114377596830.86304,
Average Result is, 14297199603.85788,
For section ,  4.4   with parameters 300 iterations, population 100, mutation rate 0.7,
Count of section is, 11,
sum of section, 54744882400.46884,
Average Result is, 4976807490.951713,
For section ,  5.1   with parameters 300 iterations, population 100, mutation rate 0.7,
Count of section is, 6,
sum of section, 53632755268.15279,
Average Result is, 8938792544.692131,
For section ,  5.2   with parameters 300 iterations, population 100, mutation rate 0.7,
Count of section is, 5,
sum of section, 42210572533.66313,
Average Result is, 8442114506.732626,
For section ,  5.3   with parameters 300 iterations, population 100, mutation rate 0.7,
Count of section is, 9,
sum of section, 49701292067.56389,
Average Result is, 5522365785.284877,
For section ,  5.4   with parameters 300 iterations, population 100, mutation rate 0.7,
Count of section is, 4,
sum of section, 29389030194.4692,
Average Result is, 7347257548.6173,
For section ,  6.1   with parameters 300 iterations, population 100, mutation rate 0.7,
Count of section is, 1,
sum of section, 23227034.195065465,
Average Result is, 23227034.195065465,
For section ,  6.2   with parameters 300 iterations, population 100, mutation rate 0.7,
Count of section is, 2,
sum of section, 146180226.27602032,
Average Result is, 73090113.13801016,
For section ,  6.3   with parameters 300 iterations, population 100, mutation rate 0.7,
Count of section is, 3,
sum of section, 169307670.8839214,
Average Result is, 56435890.294640474,
For section ,  6.4   with parameters 300 iterations, population 100, mutation rate 0.7,
Count of section is, 2,
sum of section, 25046178561.157936,
Average Result is, 12523089280.578968,
For section ,  1.1   with parameters 300 iterations, population 150, mutation rate 0.1,
Count of section is, 5,
sum of section, 25311973344.262962,
Average Result is, 5062394668.852592,
For section ,  1.2   with parameters 300 iterations, population 150, mutation rate 0.1,
Count of section is, 2,
sum of section, 1044515093.6005883,
Average Result is, 522257546.80029416,
For section ,  1.3   with parameters 300 iterations, population 150, mutation rate 0.1,
Count of section is, 3,
sum of section, 3366794544.0263834,
Average Result is, 1122264848.0087945,
For section ,  1.4   with parameters 300 iterations, population 150, mutation rate 0.1,
Count of section is, 2,
sum of section, 17544433045.77103,
Average Result is, 8772216522.885515,
For section ,  2.1   with parameters 300 iterations, population 150, mutation rate 0.1,
Count of section is, 4,
sum of section, 35089542132.24092,
Average Result is, 8772385533.06023,
For section ,  2.2   with parameters 300 iterations, population 150, mutation rate 0.1,
Count of section is, 4,
sum of section, 30787925369.54164,
Average Result is, 7696981342.38541,
For section ,  2.3   with parameters 300 iterations, population 150, mutation rate 0.1,
Count of section is, 4,
sum of section, 13389160688.777765,
Average Result is, 3347290172.1944413,
For section ,  2.4   with parameters 300 iterations, population 150, mutation rate 0.1,
Count of section is, 5,
sum of section, 13312848427.873306,
Average Result is, 2662569685.5746613,
For section ,  3.1   with parameters 300 iterations, population 150, mutation rate 0.1,
Count of section is, 4,
sum of section, 45688696545.70746,
Average Result is, 11422174136.426865,
For section ,  3.2   with parameters 300 iterations, population 150, mutation rate 0.1,
Count of section is, 7,
sum of section, 30258740957.64705,
Average Result is, 4322677279.663864,
For section ,  3.3   with parameters 300 iterations, population 150, mutation rate 0.1,
Count of section is, 6,
sum of section, 60932791422.31923,
Average Result is, 10155465237.053205,
For section ,  3.4   with parameters 300 iterations, population 150, mutation rate 0.1,
Count of section is, 6,
sum of section, 22035135807.852165,
Average Result is, 3672522634.6420274,
For section ,  4.1   with parameters 300 iterations, population 150, mutation rate 0.1,
Count of section is, 2,
sum of section, 6644685309.634072,
Average Result is, 3322342654.817036,
For section ,  4.2   with parameters 300 iterations, population 150, mutation rate 0.1,
Count of section is, 3,
sum of section, 4068031592.2710447,
Average Result is, 1356010530.757015,
For section ,  4.3   with parameters 300 iterations, population 150, mutation rate 0.1,
Count of section is, 7,
sum of section, 70658113175.38591,
Average Result is, 10094016167.912273,
For section ,  4.4   with parameters 300 iterations, population 150, mutation rate 0.1,
Count of section is, 6,
sum of section, 11636911452.90391,
Average Result is, 1939485242.1506517,
For section ,  5.1   with parameters 300 iterations, population 150, mutation rate 0.1,
Count of section is, 1,
sum of section, 22022644.717768226,
Average Result is, 22022644.717768226,
For section ,  5.2   with parameters 300 iterations, population 150, mutation rate 0.1,
Count of section is, 4,
sum of section, 10290409714.802803,
Average Result is, 2572602428.7007008,
For section ,  5.3   with parameters 300 iterations, population 150, mutation rate 0.1,
Count of section is, 4,
sum of section, 17889680713.211624,
Average Result is, 4472420178.302906,
For section ,  5.4   with parameters 300 iterations, population 150, mutation rate 0.1,
Count of section is, 2,
sum of section, 1344325409.3256357,
Average Result is, 672162704.6628178,
For section ,  6.1   with parameters 300 iterations, population 150, mutation rate 0.1,
Count of section is, 2,
sum of section, 2045518654.7810123,
Average Result is, 1022759327.3905061,
For section ,  6.2   with parameters 300 iterations, population 150, mutation rate 0.1,
Count of section is, 2,
sum of section, 345076074.73302454,
Average Result is, 172538037.36651227,
For section ,  6.3   with parameters 300 iterations, population 150, mutation rate 0.1,
Count of section is, 3,
sum of section, 22767759124.44356,
Average Result is, 7589253041.481187,
For section ,  6.4   with parameters 300 iterations, population 150, mutation rate 0.1,
Count of section is, 1,
sum of section, 22792006.648557905,
Average Result is, 22792006.648557905,
For section ,  1.1   with parameters 300 iterations, population 150, mutation rate 0.3,
Count of section is, 3,
sum of section, 27365772865.687645,
Average Result is, 9121924288.562548,
For section ,  1.2   with parameters 300 iterations, population 150, mutation rate 0.3,
Count of section is, 6,
sum of section, 36232984095.677795,
Average Result is, 6038830682.612966,
For section ,  1.3   with parameters 300 iterations, population 150, mutation rate 0.3,
Count of section is, 4,
sum of section, 18488950931.08712,
Average Result is, 4622237732.77178,
For section ,  1.4   with parameters 300 iterations, population 150, mutation rate 0.3,
Count of section is, 6,
sum of section, 20933829396.541798,
Average Result is, 3488971566.0902996,
For section ,  2.1   with parameters 300 iterations, population 150, mutation rate 0.3,
Count of section is, 7,
sum of section, 65455838742.01912,
Average Result is, 9350834106.002731,
For section ,  2.2   with parameters 300 iterations, population 150, mutation rate 0.3,
Count of section is, 1,
sum of section, 21862768.517918963,
Average Result is, 21862768.517918963,
For section ,  2.3   with parameters 300 iterations, population 150, mutation rate 0.3,
Count of section is, 5,
sum of section, 6012054274.799722,
Average Result is, 1202410854.9599442,
For section ,  2.4   with parameters 300 iterations, population 150, mutation rate 0.3,
Count of section is, 6,
sum of section, 19534391660.284767,
Average Result is, 3255731943.3807945,
For section ,  3.1   with parameters 300 iterations, population 150, mutation rate 0.3,
Count of section is, 7,
sum of section, 11256710911.615889,
Average Result is, 1608101558.8022697,
For section ,  3.2   with parameters 300 iterations, population 150, mutation rate 0.3,
Count of section is, 5,
sum of section, 13310987113.913914,
Average Result is, 2662197422.7827826,
For section ,  3.3   with parameters 300 iterations, population 150, mutation rate 0.3,
Count of section is, 2,
sum of section, 144467306.01436695,
Average Result is, 72233653.00718348,
For section ,  3.4   with parameters 300 iterations, population 150, mutation rate 0.3,
Count of section is, 7,
sum of section, 28856704719.29757,
Average Result is, 4122386388.4710813,
For section ,  4.1   with parameters 300 iterations, population 150, mutation rate 0.3,
Count of section is, 8,
sum of section, 46778377392.97496,
Average Result is, 5847297174.12187,
For section ,  4.2   with parameters 300 iterations, population 150, mutation rate 0.3,
Count of section is, 4,
sum of section, 32287844526.885654,
Average Result is, 8071961131.721414,
For section ,  4.3   with parameters 300 iterations, population 150, mutation rate 0.3,
Count of section is, 8,
sum of section, 57077978944.70509,
Average Result is, 7134747368.088137,
For section ,  4.4   with parameters 300 iterations, population 150, mutation rate 0.3,
Count of section is, 4,
sum of section, 30689597788.728897,
Average Result is, 7672399447.182224,
For section ,  5.1   with parameters 300 iterations, population 150, mutation rate 0.3,
Count of section is, 6,
sum of section, 18534133035.83315,
Average Result is, 3089022172.6388583,
For section ,  5.2   with parameters 300 iterations, population 150, mutation rate 0.3,
Count of section is, 2,
sum of section, 4043586443.511214,
Average Result is, 2021793221.755607,
For section ,  5.3   with parameters 300 iterations, population 150, mutation rate 0.3,
Count of section is, 2,
sum of section, 144572424.4943071,
Average Result is, 72286212.24715355,
For section ,  5.4   with parameters 300 iterations, population 150, mutation rate 0.3,
Count of section is, 5,
sum of section, 24011098912.51797,
Average Result is, 4802219782.503594,
For section ,  6.1   with parameters 300 iterations, population 150, mutation rate 0.3,
Count of section is, 3,
sum of section, 1967464673.4262116,
Average Result is, 655821557.8087372,
For section ,  6.2   with parameters 300 iterations, population 150, mutation rate 0.3,
Count of section is, 1,
sum of section, 22160906.1009738,
Average Result is, 22160906.1009738,
For section ,  6.3   with parameters 300 iterations, population 150, mutation rate 0.3,
Count of section is, 3,
sum of section, 768185376.4373293,
Average Result is, 256061792.14577642,
For section ,  6.4   with parameters 300 iterations, population 150, mutation rate 0.3,
Count of section is, 2,
sum of section, 445874859.19450253,
Average Result is, 222937429.59725127,
For section ,  1.1   with parameters 300 iterations, population 150, mutation rate 0.5,
Count of section is, 3,
sum of section, 16666638086.63636,
Average Result is, 5555546028.878787,
For section ,  1.2   with parameters 300 iterations, population 150, mutation rate 0.5,
Count of section is, 7,
sum of section, 13456047358.964762,
Average Result is, 1922292479.8521087,
For section ,  1.3   with parameters 300 iterations, population 150, mutation rate 0.5,
Count of section is, 6,
sum of section, 9734442324.113943,
Average Result is, 1622407054.0189905,
For section ,  1.4   with parameters 300 iterations, population 150, mutation rate 0.5,
Count of section is, 9,
sum of section, 21601446259.856052,
Average Result is, 2400160695.5395613,
For section ,  2.1   with parameters 300 iterations, population 150, mutation rate 0.5,
Count of section is, 4,
sum of section, 29788444518.734333,
Average Result is, 7447111129.683583,
For section ,  2.2   with parameters 300 iterations, population 150, mutation rate 0.5,
Count of section is, 6,
sum of section, 19931548715.40188,
Average Result is, 3321924785.900313,
For section ,  2.3   with parameters 300 iterations, population 150, mutation rate 0.5,
Count of section is, 8,
sum of section, 48978664946.58596,
Average Result is, 6122333118.323245,
For section ,  2.4   with parameters 300 iterations, population 150, mutation rate 0.5,
Count of section is, 8,
sum of section, 32778625520.668358,
Average Result is, 4097328190.0835447,
For section ,  3.1   with parameters 300 iterations, population 150, mutation rate 0.5,
Count of section is, 6,
sum of section, 6433339511.046044,
Average Result is, 1072223251.8410074,
For section ,  3.2   with parameters 300 iterations, population 150, mutation rate 0.5,
Count of section is, 6,
sum of section, 13434089154.229006,
Average Result is, 2239014859.0381675,
For section ,  3.3   with parameters 300 iterations, population 150, mutation rate 0.5,
Count of section is, 5,
sum of section, 14411325080.059048,
Average Result is, 2882265016.0118093,
For section ,  3.4   with parameters 300 iterations, population 150, mutation rate 0.5,
Count of section is, 5,
sum of section, 14412088456.662971,
Average Result is, 2882417691.3325944,
For section ,  4.1   with parameters 300 iterations, population 150, mutation rate 0.5,
Count of section is, 11,
sum of section, 91243164886.86407,
Average Result is, 8294833171.533097,
For section ,  4.2   with parameters 300 iterations, population 150, mutation rate 0.5,
Count of section is, 8,
sum of section, 17178419212.492655,
Average Result is, 2147302401.5615819,
For section ,  4.3   with parameters 300 iterations, population 150, mutation rate 0.5,
Count of section is, 5,
sum of section, 41009256667.2883,
Average Result is, 8201851333.45766,
For section ,  4.4   with parameters 300 iterations, population 150, mutation rate 0.5,
Count of section is, 6,
sum of section, 23033550442.542847,
Average Result is, 3838925073.757141,
For section ,  5.1   with parameters 300 iterations, population 150, mutation rate 0.5,
Count of section is, 9,
sum of section, 35900676079.4328,
Average Result is, 3988964008.8258667,
For section ,  5.2   with parameters 300 iterations, population 150, mutation rate 0.5,
Count of section is, 4,
sum of section, 789851922.7079394,
Average Result is, 197462980.67698485,
For section ,  5.3   with parameters 300 iterations, population 150, mutation rate 0.5,
Count of section is, 11,
sum of section, 81644233538.84366,
Average Result is, 7422203048.985787,
For section ,  5.4   with parameters 300 iterations, population 150, mutation rate 0.5,
Count of section is, 11,
sum of section, 47446139120.99277,
Average Result is, 4313285374.635706,
For section ,  6.1   with parameters 300 iterations, population 150, mutation rate 0.5,
Count of section is, 2,
sum of section, 10545830758.681507,
Average Result is, 5272915379.340754,
For section ,  6.2   with parameters 300 iterations, population 150, mutation rate 0.5,
Count of section is, 2,
sum of section, 26945483511.4498,
Average Result is, 13472741755.7249,
For section ,  6.3   with parameters 300 iterations, population 150, mutation rate 0.5,
Count of section is, 1,
sum of section, 22590426.434057843,
Average Result is, 22590426.434057843,
For section ,  6.4   with parameters 300 iterations, population 150, mutation rate 0.5,
Count of section is, 1,
sum of section, 22461090.02642306,
Average Result is, 22461090.02642306,
For section ,  1.1   with parameters 300 iterations, population 150, mutation rate 0.7,
Count of section is, 9,
sum of section, 52500667405.03096,
Average Result is, 5833407489.447885,
For section ,  1.2   with parameters 300 iterations, population 150, mutation rate 0.7,
Count of section is, 8,
sum of section, 19777238072.575947,
Average Result is, 2472154759.0719934,
For section ,  1.3   with parameters 300 iterations, population 150, mutation rate 0.7,
Count of section is, 9,
sum of section, 7502210978.52986,
Average Result is, 833578997.6144289,
For section ,  1.4   with parameters 300 iterations, population 150, mutation rate 0.7,
Count of section is, 8,
sum of section, 77476316168.92393,
Average Result is, 9684539521.115492,
For section ,  2.1   with parameters 300 iterations, population 150, mutation rate 0.7,
Count of section is, 4,
sum of section, 4789294269.533318,
Average Result is, 1197323567.3833294,
For section ,  2.2   with parameters 300 iterations, population 150, mutation rate 0.7,
Count of section is, 9,
sum of section, 5202511334.665033,
Average Result is, 578056814.9627814,
For section ,  2.3   with parameters 300 iterations, population 150, mutation rate 0.7,
Count of section is, 9,
sum of section, 38500705433.84163,
Average Result is, 4277856159.315737,
For section ,  2.4   with parameters 300 iterations, population 150, mutation rate 0.7,
Count of section is, 13,
sum of section, 73191276469.16957,
Average Result is, 5630098189.936121,
For section ,  3.1   with parameters 300 iterations, population 150, mutation rate 0.7,
Count of section is, 3,
sum of section, 20565821348.759876,
Average Result is, 6855273782.919959,
For section ,  3.2   with parameters 300 iterations, population 150, mutation rate 0.7,
Count of section is, 5,
sum of section, 18210885953.080437,
Average Result is, 3642177190.6160874,
For section ,  3.3   with parameters 300 iterations, population 150, mutation rate 0.7,
Count of section is, 3,
sum of section, 6066306741.114185,
Average Result is, 2022102247.0380619,
For section ,  3.4   with parameters 300 iterations, population 150, mutation rate 0.7,
Count of section is, 5,
sum of section, 45111495542.086945,
Average Result is, 9022299108.417389,
For section ,  4.1   with parameters 300 iterations, population 150, mutation rate 0.7,
Count of section is, 3,
sum of section, 8965698787.761772,
Average Result is, 2988566262.5872574,
For section ,  4.2   with parameters 300 iterations, population 150, mutation rate 0.7,
Count of section is, 6,
sum of section, 24432125770.597805,
Average Result is, 4072020961.7663007,
For section ,  4.3   with parameters 300 iterations, population 150, mutation rate 0.7,
Count of section is, 11,
sum of section, 42645139613.996544,
Average Result is, 3876830873.999686,
For section ,  4.4   with parameters 300 iterations, population 150, mutation rate 0.7,
Count of section is, 4,
sum of section, 2888134470.900586,
Average Result is, 722033617.7251465,
For section ,  5.1   with parameters 300 iterations, population 150, mutation rate 0.7,
Count of section is, 4,
sum of section, 7888783206.168825,
Average Result is, 1972195801.5422063,
For section ,  5.2   with parameters 300 iterations, population 150, mutation rate 0.7,
Count of section is, 5,
sum of section, 5511379275.229231,
Average Result is, 1102275855.0458462,
For section ,  5.3   with parameters 300 iterations, population 150, mutation rate 0.7,
Count of section is, 6,
sum of section, 10633215027.858086,
Average Result is, 1772202504.6430142,
For section ,  5.4   with parameters 300 iterations, population 150, mutation rate 0.7,
Count of section is, 5,
sum of section, 4611432322.630634,
Average Result is, 922286464.5261269,
For section ,  6.1   with parameters 300 iterations, population 150, mutation rate 0.7,
Count of section is, 1,
sum of section, 22852833.396193847,
Average Result is, 22852833.396193847,
For section ,  6.2   with parameters 300 iterations, population 150, mutation rate 0.7,
Count of section is, 1,
sum of section, 22535791.640078854,
Average Result is, 22535791.640078854,
For section ,  6.3   with parameters 300 iterations, population 150, mutation rate 0.7,
Count of section is, 1,
sum of section, 22810830.573018294,
Average Result is, 22810830.573018294,
For section ,  6.4   with parameters 300 iterations, population 150, mutation rate 0.7,
Count of section is, 1,
sum of section, 22081301.73479654,
Average Result is, 22081301.73479654,
For section ,  1.1   with parameters 300 iterations, population 50, mutation rate 0.3,
Count of section is, 5,
sum of section, 25811821707.810127,
Average Result is, 5162364341.562025,
For section ,  1.2   with parameters 300 iterations, population 50, mutation rate 0.3,
Count of section is, 5,
sum of section, 3113086722.7485547,
Average Result is, 622617344.549711,
For section ,  1.3   with parameters 300 iterations, population 50, mutation rate 0.3,
Count of section is, 9,
sum of section, 21402680101.22488,
Average Result is, 2378075566.8027644,
For section ,  1.4   with parameters 300 iterations, population 50, mutation rate 0.3,
Count of section is, 4,
sum of section, 15189230451.596739,
Average Result is, 3797307612.8991847,
For section ,  2.1   with parameters 300 iterations, population 50, mutation rate 0.3,
Count of section is, 7,
sum of section, 21056432348.717953,
Average Result is, 3008061764.102565,
For section ,  2.2   with parameters 300 iterations, population 50, mutation rate 0.3,
Count of section is, 5,
sum of section, 25812011638.29812,
Average Result is, 5162402327.659624,
For section ,  2.3   with parameters 300 iterations, population 50, mutation rate 0.3,
Count of section is, 1,
sum of section, 22051638.722303223,
Average Result is, 22051638.722303223,
For section ,  2.4   with parameters 300 iterations, population 50, mutation rate 0.3,
Count of section is, 7,
sum of section, 17659071326.768307,
Average Result is, 2522724475.2526155,
For section ,  3.1   with parameters 300 iterations, population 50, mutation rate 0.3,
Count of section is, 8,
sum of section, 48380174680.823395,
Average Result is, 6047521835.102924,
For section ,  3.2   with parameters 300 iterations, population 50, mutation rate 0.3,
Count of section is, 5,
sum of section, 18411891303.547623,
Average Result is, 3682378260.7095246,
For section ,  3.3   with parameters 300 iterations, population 50, mutation rate 0.3,
Count of section is, 10,
sum of section, 66923779208.581085,
Average Result is, 6692377920.8581085,
For section ,  3.4   with parameters 300 iterations, population 50, mutation rate 0.3,
Count of section is, 3,
sum of section, 51166493949.525375,
Average Result is, 17055497983.175125,
For section ,  4.1   with parameters 300 iterations, population 50, mutation rate 0.3,
Count of section is, 2,
sum of section, 145449224.19218338,
Average Result is, 72724612.09609169,
For section ,  4.2   with parameters 300 iterations, population 50, mutation rate 0.3,
Count of section is, 5,
sum of section, 84211083716.10046,
Average Result is, 16842216743.220093,
For section ,  4.3   with parameters 300 iterations, population 50, mutation rate 0.3,
Count of section is, 4,
sum of section, 12289113442.166437,
Average Result is, 3072278360.5416093,
For section ,  4.4   with parameters 300 iterations, population 50, mutation rate 0.3,
Count of section is, 7,
sum of section, 15157104924.334007,
Average Result is, 2165300703.476287,
For section ,  5.1   with parameters 300 iterations, population 50, mutation rate 0.3,
Count of section is, 7,
sum of section, 10259417100.488224,
Average Result is, 1465631014.3554606,
For section ,  5.2   with parameters 300 iterations, population 50, mutation rate 0.3,
Count of section is, 3,
sum of section, 13866852074.581614,
Average Result is, 4622284024.860538,
For section ,  5.3   with parameters 300 iterations, population 50, mutation rate 0.3,
Count of section is, 6,
sum of section, 62634415128.33687,
Average Result is, 10439069188.056145,
For section ,  5.4   with parameters 300 iterations, population 50, mutation rate 0.3,
Count of section is, 2,
sum of section, 44411674.36671755,
Average Result is, 22205837.183358774,
For section ,  6.1   with parameters 300 iterations, population 50, mutation rate 0.3,
Count of section is, 1,
sum of section, 23075369.969576553,
Average Result is, 23075369.969576553,
For section ,  6.2   with parameters 300 iterations, population 50, mutation rate 0.3,
Count of section is, 1,
sum of section, 22629219.6639848,
Average Result is, 22629219.6639848,
For section ,  6.3   with parameters 300 iterations, population 50, mutation rate 0.3,
Count of section is, 2,
sum of section, 345681986.97627014,
Average Result is, 172840993.48813507,
For section ,  6.4   with parameters 300 iterations, population 50, mutation rate 0.3,
Count of section is, 1,
sum of section, 22605085.458568573,
Average Result is, 22605085.458568573,
For section ,  1.1   with parameters 300 iterations, population 50, mutation rate 0.5,
Count of section is, 5,
sum of section, 47610690496.625114,
Average Result is, 9522138099.325024,
For section ,  1.2   with parameters 300 iterations, population 50, mutation rate 0.5,
Count of section is, 14,
sum of section, 46516802811.01449,
Average Result is, 3322628772.2153206,
For section ,  1.3   with parameters 300 iterations, population 50, mutation rate 0.5,
Count of section is, 2,
sum of section, 19143295723.33971,
Average Result is, 9571647861.669855,
For section ,  1.4   with parameters 300 iterations, population 50, mutation rate 0.5,
Count of section is, 10,
sum of section, 56424048505.251144,
Average Result is, 5642404850.525114,
For section ,  2.1   with parameters 300 iterations, population 50, mutation rate 0.5,
Count of section is, 5,
sum of section, 611599731.9392655,
Average Result is, 122319946.3878531,
For section ,  2.2   with parameters 300 iterations, population 50, mutation rate 0.5,
Count of section is, 6,
sum of section, 43532599003.35376,
Average Result is, 7255433167.225627,
For section ,  2.3   with parameters 300 iterations, population 50, mutation rate 0.5,
Count of section is, 6,
sum of section, 24033350364.550255,
Average Result is, 4005558394.091709,
For section ,  2.4   with parameters 300 iterations, population 50, mutation rate 0.5,
Count of section is, 9,
sum of section, 89300721457.45392,
Average Result is, 9922302384.161547,
For section ,  3.1   with parameters 300 iterations, population 50, mutation rate 0.5,
Count of section is, 7,
sum of section, 16957456552.094732,
Average Result is, 2422493793.15639,
For section ,  3.2   with parameters 300 iterations, population 50, mutation rate 0.5,
Count of section is, 11,
sum of section, 28048428780.05817,
Average Result is, 2549857161.82347,
For section ,  3.3   with parameters 300 iterations, population 50, mutation rate 0.5,
Count of section is, 3,
sum of section, 28366177539.124073,
Average Result is, 9455392513.041357,
For section ,  3.4   with parameters 300 iterations, population 50, mutation rate 0.5,
Count of section is, 5,
sum of section, 30310546955.24083,
Average Result is, 6062109391.048166,
For section ,  4.1   with parameters 300 iterations, population 50, mutation rate 0.5,
Count of section is, 8,
sum of section, 118178091028.3262,
Average Result is, 14772261378.540775,
For section ,  4.2   with parameters 300 iterations, population 50, mutation rate 0.5,
Count of section is, 6,
sum of section, 33032433006.78462,
Average Result is, 5505405501.13077,
For section ,  4.3   with parameters 300 iterations, population 50, mutation rate 0.5,
Count of section is, 7,
sum of section, 28857435733.36222,
Average Result is, 4122490819.051746,
For section ,  4.4   with parameters 300 iterations, population 50, mutation rate 0.5,
Count of section is, 8,
sum of section, 57377802880.13922,
Average Result is, 7172225360.017403,
For section ,  5.1   with parameters 300 iterations, population 50, mutation rate 0.5,
Count of section is, 9,
sum of section, 43601784054.52639,
Average Result is, 4844642672.725155,
For section ,  5.2   with parameters 300 iterations, population 50, mutation rate 0.5,
Count of section is, 6,
sum of section, 17833921244.808807,
Average Result is, 2972320207.4681344,
For section ,  5.3   with parameters 300 iterations, population 50, mutation rate 0.5,
Count of section is, 12,
sum of section, 67469327944.207214,
Average Result is, 5622443995.350601,
For section ,  5.4   with parameters 300 iterations, population 50, mutation rate 0.5,
Count of section is, 6,
sum of section, 27632975217.07897,
Average Result is, 4605495869.513162,
For section ,  6.1   with parameters 300 iterations, population 50, mutation rate 0.5,
Count of section is, 1,
sum of section, 22830958.328624304,
Average Result is, 22830958.328624304,
For section ,  6.2   with parameters 300 iterations, population 50, mutation rate 0.5,
Count of section is, 1,
sum of section, 22818623.965246886,
Average Result is, 22818623.965246886,
For section ,  6.3   with parameters 300 iterations, population 50, mutation rate 0.5,
Count of section is, 4,
sum of section, 16392183920.055,
Average Result is, 4098045980.01375,
For section ,  6.4   with parameters 300 iterations, population 50, mutation rate 0.5,
Count of section is, 1,
sum of section, 22736665.503115788,
Average Result is, 22736665.503115788,
For section ,  1.1   with parameters 300 iterations, population 50, mutation rate 0.7,
Count of section is, 3,
sum of section, 4066467416.9483614,
Average Result is, 1355489138.9827871,
For section ,  1.2   with parameters 300 iterations, population 50, mutation rate 0.7,
Count of section is, 6,
sum of section, 7435077487.908327,
Average Result is, 1239179581.3180544,
For section ,  1.3   with parameters 300 iterations, population 50, mutation rate 0.7,
Count of section is, 7,
sum of section, 7256914639.946901,
Average Result is, 1036702091.4209859,
For section ,  1.4   with parameters 300 iterations, population 50, mutation rate 0.7,
Count of section is, 7,
sum of section, 44855524403.49967,
Average Result is, 6407932057.64281,
For section ,  2.1   with parameters 300 iterations, population 50, mutation rate 0.7,
Count of section is, 9,
sum of section, 37300899042.14459,
Average Result is, 4144544338.0160656,
For section ,  2.2   with parameters 300 iterations, population 50, mutation rate 0.7,
Count of section is, 8,
sum of section, 26678108781.858017,
Average Result is, 3334763597.732252,
For section ,  2.3   with parameters 300 iterations, population 50, mutation rate 0.7,
Count of section is, 5,
sum of section, 15011143427.185987,
Average Result is, 3002228685.4371977,
For section ,  2.4   with parameters 300 iterations, population 50, mutation rate 0.7,
Count of section is, 5,
sum of section, 25409381006.1062,
Average Result is, 5081876201.22124,
For section ,  3.1   with parameters 300 iterations, population 50, mutation rate 0.7,
Count of section is, 8,
sum of section, 12980602358.586357,
Average Result is, 1622575294.8232946,
For section ,  3.2   with parameters 300 iterations, population 50, mutation rate 0.7,
Count of section is, 7,
sum of section, 84654082237.69714,
Average Result is, 12093440319.67102,
For section ,  3.3   with parameters 300 iterations, population 50, mutation rate 0.7,
Count of section is, 6,
sum of section, 25634271452.593693,
Average Result is, 4272378575.432282,
For section ,  3.4   with parameters 300 iterations, population 50, mutation rate 0.7,
Count of section is, 9,
sum of section, 60601033264.77315,
Average Result is, 6733448140.53035,
For section ,  4.1   with parameters 300 iterations, population 50, mutation rate 0.7,
Count of section is, 14,
sum of section, 206304404230.4772,
Average Result is, 14736028873.605515,
For section ,  4.2   with parameters 300 iterations, population 50, mutation rate 0.7,
Count of section is, 13,
sum of section, 48392616052.55807,
Average Result is, 3722508927.119851,
For section ,  4.3   with parameters 300 iterations, population 50, mutation rate 0.7,
Count of section is, 5,
sum of section, 6011087607.8672,
Average Result is, 1202217521.57344,
For section ,  4.4   with parameters 300 iterations, population 50, mutation rate 0.7,
Count of section is, 12,
sum of section, 86464639004.82983,
Average Result is, 7205386583.73582,
For section ,  5.1   with parameters 300 iterations, population 50, mutation rate 0.7,
Count of section is, 9,
sum of section, 32003011280.925774,
Average Result is, 3555890142.325086,
For section ,  5.2   with parameters 300 iterations, population 50, mutation rate 0.7,
Count of section is, 11,
sum of section, 94143088651.70334,
Average Result is, 8558462604.700303,
For section ,  5.3   with parameters 300 iterations, population 50, mutation rate 0.7,
Count of section is, 6,
sum of section, 2534535426.2711873,
Average Result is, 422422571.0451979,
For section ,  5.4   with parameters 300 iterations, population 50, mutation rate 0.7,
Count of section is, 4,
sum of section, 11088275913.222046,
Average Result is, 2772068978.3055115,
For section ,  6.1   with parameters 300 iterations, population 50, mutation rate 0.7,
Count of section is, 1,
sum of section, 22173943.153509833,
Average Result is, 22173943.153509833,
For section ,  6.2   with parameters 300 iterations, population 50, mutation rate 0.7,
Count of section is, 1,
sum of section, 22696810.503472865,
Average Result is, 22696810.503472865,
For section ,  6.3   with parameters 300 iterations, population 50, mutation rate 0.7,
Count of section is, 1,
sum of section, 22907698.127428573,
Average Result is, 22907698.127428573,
For section ,  6.4   with parameters 300 iterations, population 50, mutation rate 0.7,
Count of section is, 1,
sum of section, 22458569.212706733,
Average Result is, 22458569.212706733,
